"id","rating","raters"
1,3.59,62128
2,3.58,3403
3,3.61,55666
4,3.88,54268
5,3.81,40494
6,3.58,34587
7,3.42,50682
8,3.49,45798
9,3.79,27086
10,3.52,54925
11,3.62,48952
12,3.54,52124
13,3.83,17060
14,3.47,58260
15,3.77,42146
16,3.84,39267
17,3.89,73212
18,3.55,46166
19,3.32,17202
20,3.82,27728
21,3.58,41560
22,3.68,72037
23,3.64,34723
24,3.55,12870
25,3.78,30222
26,3.73,18512
27,3.74,19230
28,3.75,30849
29,3.76,43229
30,3.77,3481
31,3.41,9239
32,3.53,21347
33,3.51,35090
34,3.82,15190
35,3.65,17873
36,3.87,32289
37,3.46,12817
38,3.33,4440
39,3.65,4090
40,3.28,2236
41,3.45,12984
42,3.73,7566
43,3.67,5470
44,3.46,15031
45,3.47,21986
46,3.39,11384
47,3.56,20149
48,3.51,9898
49,3.48,6562
50,3.6,17230
51,3.35,16311
52,3.48,12366
53,3.43,21470
54,3.82,12687
55,3.57,31
56,3.41,8565
57,3.16,219
58,3.41,25784
59,3.53,4077
60,3.49,9779
61,3.47,8032
62,3.31,4609
63,3.55,9163
64,3.67,9225
65,3.45,5455
66,3.95,11982
67,3.41,12000
68,3.74,5211
69,3.65,6487
70,3.38,23062
71,3.66,3046
72,3.5,5560
73,3.34,12688
74,3.56,14287
75,3.83,15936
76,3.45,16026
77,3.37,3616
78,3.39,9284
79,3.47,10481
80,3.57,11578
81,3.77,5052
82,3.65,7007
83,3.5,7823
84,3.48,10641
85,3.83,7533
86,3.38,7724
87,3.61,15070
88,3.43,2888
89,3.53,8351
90,3.49,6741
91,3.6,10641
92,3.45,5164
93,3.5,9505
94,3.36,3969
95,3.53,2462
96,3.33,755
97,3.68,5913
98,3.74,7746
99,3.37,3252
100,3.56,8932
101,3.37,4518
102,3.67,7473
103,3.5,6028
104,3.76,989
105,3.64,10550
106,3.69,3845
107,3.32,4023
108,3.48,5518
109,3.95,6003
110,3.31,5444
111,3.7,9505
112,3.67,6062
113,3.59,2013
114,3.91,5712
115,3.44,6339
116,3.43,3736
117,3.53,6079
118,3.61,8948
119,3.56,11639
120,3.27,4104
121,3.55,3265
122,3.64,6576
123,3.66,16353
124,3.43,6664
125,3.82,8836
126,3.82,8836
127,3.5,5700
128,3.37,6764
129,3.54,5216
130,3.74,5568
131,3.36,5032
132,3.57,4029
133,3.55,7985
134,3.36,5628
135,3.5,11375
136,3.49,12352
137,3.6,5893
138,3.45,7341
139,3.46,8346
140,3.38,20749
141,3.46,3854
142,3.51,8306
143,3.74,6507
144,3.53,6411
145,3.4,549
146,3.62,8716
147,3.76,3115
148,3.27,1095
149,3.41,5226
150,3.4,6857
151,3.59,5320
152,3.48,4384
153,3.95,4113
154,3.4,2394
155,3.34,3075
156,3.34,7250
157,3.53,2586
158,3.57,4160
159,3.39,2324
160,3.74,3108
161,3.57,6975
162,3.88,3561
163,3.59,11262
164,3.46,4391
165,3.47,1169
166,3.53,4835
167,3.43,2059
168,3.44,1017
169,3.7,4221
170,3.5,1305
171,3.52,22480
172,3.8,30438
173,4,27599
174,4.03,4181
175,3.83,20753
176,3.93,19207
177,4.06,13556
178,3.71,8972
179,3.82,14936
180,3.62,8863
181,3.8,16440
182,4.19,10514
183,3.82,3628
184,3.67,6336
185,3.79,17950
186,4.03,4181
187,4.22,3329
188,3.62,5626
189,3.6,2521
190,3.66,3748
191,3.61,5131
192,3.81,2608
193,3.69,4743
194,3.7,2831
195,3.7,2335
196,3.49,55
197,3.84,4862
198,3.69,3265
199,3.67,362
200,3.41,194
201,3.72,2894
202,3.89,3506
203,3.69,6549
204,4.01,91607
205,3.84,79784
206,3.85,73417
207,3.75,74494
208,3.82,52171
209,3.65,9441
210,3.59,39657
211,4.1,18071
212,4.1,18071
213,3.9,20970
214,3.64,10319
215,3.83,12924
216,3.79,18621
217,3.84,10548
218,4.01,15801
219,3.48,8780
220,3.6,20447
221,3.61,7809
222,3.7,11063
223,3.81,13475
224,3.84,29276
225,3.9,10691
226,3.54,6975
227,3.63,4203
228,3.86,19993
229,4.09,10249
230,3.66,6922
231,3.58,6311
232,3.92,12769
233,3.53,4908
234,3.92,7322
235,4.11,6971
236,3.7,786
237,3.43,14775
238,3.6,9938
239,3.72,2528
240,3.71,4115
241,3.71,7568
242,3.71,8819
243,3.79,6102
244,3.59,5170
245,3.76,12382
246,3.7,13293
247,3.65,8346
248,4.02,14141
249,3.87,2168
250,3.88,20308
251,3.69,3513
252,3.75,7164
253,3.76,14052
254,3.51,2388
255,3.74,3579
256,3.99,2207
257,3.67,5993
258,3.75,3572
259,3.45,4803
260,3.65,1877
261,4.08,2421
262,4.08,2291
263,4.02,688
264,3.74,5608
265,3.77,2787
266,3.32,1284
267,4.03,7417
268,3.78,2799
269,3.96,5767
270,3.51,3825
271,3.66,2367
272,3.94,1680
273,3.61,2822
274,3.88,6175
275,3.83,1209
276,3.73,5256
277,3.54,4072
278,3.71,4024
279,3.75,3439
280,3.5,1664
281,3.54,194313
282,3.5,51603
283,3.28,25949
284,3.56,65671
285,3.47,40484
286,3.51,22432
287,3.47,31451
288,3.45,22886
289,3.96,19335
290,3.37,15198
291,4.08,3832
292,4.08,3832
293,3.39,18495
294,3.32,16504
295,3.84,21225
296,3.35,17993
297,3.29,16326
298,3.45,4762
299,3.53,61436
300,3.3,62484
301,3.54,23199
302,3.52,17677
303,3.73,17285
304,3.4,11528
305,3.3,4985
306,3.38,18416
307,3.3,4574
308,3.61,20796
309,3.31,11514
310,3.52,19126
311,3.31,8857
312,3.26,4201
313,3.31,3363
314,3.48,8536
315,2.94,4619
316,3.68,25796
317,3.39,20220
318,3.3,4122
319,3.51,3935
320,3.54,6576
321,3.36,8822
322,3.19,3368
323,3.56,2351
324,3.59,7814
325,3.36,1660
326,3.36,6698
327,3.57,7357
328,3.27,3744
329,3.2,3062
330,3.45,2658
331,3.42,6348
332,3.35,6847
333,3.45,5453
334,3.41,6029
335,3.6,9812
336,3.36,1079
337,3.15,5027
338,3.37,4484
339,3.79,3889
340,3.64,3722
341,3.49,770
342,3.41,14143
343,3.42,4120
344,3.35,4955
345,3.46,6673
346,3.53,6111
347,3.31,2904
348,3.32,4197
349,3.35,2878
350,3.38,5404
351,3.48,31398
352,3.16,676
353,3.21,3730
354,3.22,585
355,3.36,8865
356,3.44,2997
357,3.55,2974
358,3.98,73716
359,3.83,126141
360,3.53,41684
361,3.6,55819
362,3.81,48423
363,3.51,72032
364,3.61,64171
365,3.65,56747
366,4.12,52712
367,3.25,30888
368,3.62,35678
369,3.52,21741
370,3.73,3415
371,3.38,17194
372,3.68,21627
373,3.73,18978
374,3.71,52844
375,3.63,7715
376,3.61,9228
377,4.11,11495
378,3.35,32905
379,3.66,30825
380,3.73,13154
381,4.04,13857
382,4.01,5124
383,3.56,6329
384,3.46,28747
385,3.53,24544
386,3.61,32628
387,4.02,11786
388,3.46,6121
389,4.22,3187
390,3.28,4813
391,3.38,41739
392,3.73,14204
393,3.27,38840
394,3.51,37056
395,3.82,8072
396,3.85,15868
397,3.79,5194
398,3.56,3720
399,3.72,13105
400,3.33,701
401,3.62,19003
402,3.6,15950
403,3.67,8919
404,4.07,6642
405,3.98,2623
406,3.63,13402
407,3.92,7442
408,3.93,8235
409,4.01,5349
410,3.54,4699
411,3.5,7769
412,3.26,4735
413,3.57,7044
414,3.69,6798
415,3.34,6958
416,3.75,11735
417,3.55,7409
418,3.75,410
419,4.08,1761
420,3.64,7360
421,3.81,3148
422,3.83,3793
423,3.61,8630
424,3.53,21987
425,3.6,3873
426,3.85,2482
427,3.6,6131
428,3.77,4166
429,3.54,1446
430,4.06,1895
431,3.55,2061
432,3.35,3893
433,3.59,14134
434,3.35,11119
435,3.59,1890
436,3.85,4788
437,3.52,4088
438,3.54,3911
439,3.27,1753
440,3.56,4858
441,3.99,2539
442,3.55,1293
443,3.26,1597
444,3.54,141
445,3.27,3982
446,4.05,403
447,3.54,670
448,3.59,630
449,3.82,542
450,4.56,167969
451,4.64,146768
452,4.35,121790
453,4.08,38792
454,4,160195
455,4.3,102019
456,3.89,143823
457,3.97,122407
458,3.98,143233
459,4.08,85536
460,4,75563
461,4.24,40760
462,4.16,71096
463,4.07,80412
464,3.93,135754
465,3.97,77011
466,4,118668
467,4.5,81444
468,4.29,32185
469,3.83,114929
470,3.85,72983
471,4,78031
472,4.05,60043
473,4.16,36813
474,4.07,71331
475,4.69,17152
476,3.91,47941
477,3.93,79406
478,4.01,59020
479,4.05,54097
480,4.36,30311
481,4.04,38733
482,4.02,30388
483,3.89,49446
484,4.08,43207
485,4.01,7671
486,3.92,58396
487,3.86,62394
488,4.2,49938
489,4.14,49504
490,3.9,65603
491,4.01,19425
492,4.05,135726
493,4.13,22376
494,4.31,26152
495,3.94,153069
496,4.14,21933
497,3.75,29200
498,4.66,17860
499,4.18,33006
500,4.12,27143
501,3.79,73289
502,3.88,11477
503,3.91,22505
504,4.55,18697
505,4.42,25945
506,3.81,60357
507,3.95,68367
508,3.97,32184
509,3.81,57185
510,3.78,62375
511,3.93,67324
512,4.25,21926
513,3.99,14443
514,3.86,13548
515,4.45,25185
516,3.79,37195
517,3.79,37195
518,4.01,58715
519,3.91,56938
520,4.39,12672
521,3.86,46243
522,4.08,25288
523,4.33,13572
524,4.39,3291
525,3.87,12741
526,4.06,26324
527,4.16,28700
528,3.85,33880
529,4.54,19482
530,3.6,66485
531,3.89,38221
532,3.86,48665
533,4.03,12331
534,4.56,20998
535,3.82,47383
536,3.99,25229
537,3.52,26522
538,3.72,23293
539,3.96,40073
540,4.16,13903
541,3.96,41350
542,4.29,14430
543,3.79,36989
544,3.75,13350
545,3.72,34817
546,3.88,33944
547,4.18,17441
548,4.06,43061
549,4.28,16311
550,3.89,12429
551,4.06,43423
552,3.83,31874
553,3.52,82043
554,3.94,28735
555,3.94,17311
556,3.73,16220
557,3.78,18695
558,3.84,38952
559,3.8,41652
560,4.02,21840
561,3.63,14049
562,3.85,24400
563,3.74,32237
564,3.86,19753
565,4.33,15685
566,4.76,6704
567,4.34,7014
568,4.34,7014
569,4.13,21366
570,3.65,18717
571,4.03,30500
572,4.03,30500
573,4.15,11166
574,3.62,18288
575,3.8,17893
576,4,56821
577,3.81,22946
578,3.89,24159
579,4.28,18056
580,3.55,20152
581,3.9,14162
582,3.52,10023
583,3.91,15953
584,3.77,8074
585,4.1,20730
586,3.76,7634
587,4.14,16166
588,3.9,44598
589,4.74,7210
590,4.23,2719
591,4.05,46627
592,4.25,7523
593,3.99,17944
594,3.88,26884
595,4.7,7015
596,4.32,8355
597,4.08,21153
598,4.05,24629
599,3.86,21880
600,4.04,12718
601,3.32,564
602,4.08,10528
603,4.04,13913
604,3.92,14427
605,4.01,33532
606,4.09,5470
607,4.05,11645
608,4.05,11645
609,4.16,18610
610,4.34,9806
611,3.9,29182
612,3.61,10672
613,3.77,14036
614,3.83,6112
615,4.33,9487
616,3.68,10457
617,3.73,12712
618,3.9,12781
619,4.01,13469
620,3.8,7593
621,3.95,21256
622,3.86,14567
623,4.02,22815
624,3.62,12106
625,4.03,15865
626,4.11,18275
627,4.66,3629
628,4.22,16742
629,4.08,13181
630,3.89,11149
631,4.26,6659
632,3.76,3623
633,3.76,3623
634,4.04,11351
635,4.05,11672
636,4.27,4930
637,3.84,11053
638,3.85,20547
639,3.65,12636
640,3.93,5968
641,3.98,16297
642,3.72,14017
643,3.85,2176
644,3.69,13472
645,4.08,27472
646,4.08,2474
647,3.94,15617
648,4.22,11442
649,3.86,2000
650,3.72,15149
651,3.79,22967
652,3.76,31176
653,3.79,10148
654,4.27,7752
655,3.78,12384
656,3.73,13129
657,3.41,7413
658,3.98,6675
659,3.9,19277
660,4.3,4496
661,3.77,13896
662,3.99,6631
663,3.95,16167
664,3.85,8578
665,4,7593
666,4.3,8722
667,3.94,22704
668,3.94,22704
669,3.95,7323
670,3.85,11454
671,3.74,13573
672,4.25,7688
673,3.69,10278
674,4.09,2416
675,3.8,27077
676,4.3,7899
677,3.73,9947
678,3.7,2187
679,3.72,8693
680,4.04,5480
681,3.55,4775
682,3.64,2997
683,3.81,12771
684,3.65,7372
685,3.79,13734
686,4.14,11762
687,3.99,5200
688,3.73,6223
689,4.09,7227
690,3.93,8031
691,4,6306
692,3.99,13325
693,3.68,4593
694,3.57,3095
695,4.08,8082
696,4.1,9624
697,4.13,3220
698,3.98,10110
699,3.75,7411
700,3.91,15043
701,3.36,17390
702,4.2,5921
703,4.14,3627
704,4.45,3272
705,3.83,12866
706,4.03,7744
707,3.73,22685
708,3.82,6349
709,3.97,9111
710,4.02,7780
711,3.81,10533
712,4,7198
713,3.63,7861
714,3.63,7861
715,3.75,11290
716,3.88,6739
717,4.22,6804
718,3.89,8784
719,3.79,5533
720,3.94,6428
721,3.86,14545
722,4.26,6465
723,4.25,6529
724,4.12,8591
725,3.75,12765
726,3.7,16230
727,3.72,20493
728,3.91,9390
729,4.24,4304
730,4.21,2567
731,3.73,8749
732,4.1,5686
733,4,7588
734,4.04,3917
735,3.8,4603
736,3.86,19244
737,4.24,5873
738,3.76,1098
739,3.9,12781
740,4.21,2400
741,3.84,4660
742,3.83,1804
743,3.87,3101
744,3.91,8270
745,3.82,16662
746,3.82,16662
747,4.03,9273
748,4.03,9273
749,4.02,2327
750,3.92,9652
751,3.75,8783
752,4.12,9402
753,3.55,6037
754,3.97,4446
755,4.21,3760
756,3.94,6647
757,4.1,3797
758,4.09,4565
759,3.62,5361
760,4.05,15136
761,3.99,4358
762,4.2,1018
763,3.88,5583
764,3.77,10340
765,3.51,17916
766,3.86,2291
767,3.88,6516
768,3.81,3246
769,3.93,14151
770,3.66,4472
771,3.86,10718
772,3.98,3202
773,4.07,4341
774,3.78,14936
775,4.11,6106
776,3.69,7283
777,3.71,2241
778,4.12,3344
779,4.2,2789
780,3.63,9707
781,4.02,6722
782,3.66,3775
783,3.73,8275
784,3.97,6805
785,3.76,6182
786,4.01,3932
787,3.83,5895
788,4.04,2830
789,4.01,4215
790,3.75,6820
791,4.12,2511
792,3.57,7329
793,3.99,5392
794,4,6821
795,4.01,6919
796,3.91,9858
797,3.5,5419
798,4.07,2666
799,3.84,13562
800,4.12,5564
801,4.09,4157
802,4.09,4157
803,3.77,9005
804,3.95,4692
805,3.97,3973
806,3.74,7459
807,3.89,10278
808,3.57,7329
809,4.28,3386
810,3.62,6272
811,3.78,6318
812,3.64,2714
813,4.26,3159
814,3.77,3104
815,3.82,6133
816,3.89,6013
817,3.98,5405
818,4.13,2536
819,3.7,5162
820,3.98,2792
821,3.96,2953
822,3.97,9610
823,3.77,7766
824,3.8,3819
825,4.05,6948
826,4.04,8113
827,3.83,3181
828,3.61,8696
829,4.11,5583
830,3.76,6306
831,3.87,5268
832,3.95,4572
833,3.96,3860
834,4.12,4742
835,3.91,2320
836,4.17,1890
837,3.98,7249
838,3.51,2608
839,3.89,3390
840,3.98,6012
841,3.91,4933
842,4.01,7065
843,3.87,3726
844,3.85,3543
845,3.71,6406
846,3.84,4021
847,4.06,7996
848,3.97,3512
849,3.95,4692
850,3.7,4971
851,4.19,2962
852,3.76,4449
853,3.91,3107
854,3.8,6118
855,3.83,1216
856,3.63,4889
857,3.97,524
858,4.03,7825
859,3.92,4814
860,3.87,3743
861,4.02,6914
862,3.89,5815
863,3.98,4930
864,3.74,2161
865,3.66,7720
866,3.84,7534
867,4.14,4524
868,4.03,3793
869,3.62,5285
870,4.51,107627
871,4.43,130507
872,4.21,24357
873,4.56,30476
874,4.22,85883
875,3.75,61933
876,4.35,98456
877,4.07,158671
878,4.13,70913
879,4.26,40226
880,3.83,95176
881,4.52,21621
882,4.05,47667
883,4.53,14144
884,4.06,47909
885,4.23,65987
886,4.07,53276
887,3.97,111437
888,4.35,27796
889,4.28,13857
890,4.2,25910
891,4.44,29025
892,3.79,26927
893,4.2,1376
894,3.99,34027
895,4.5,8941
896,4.18,37637
897,4.5,11987
898,3.98,16002
899,3.98,16002
900,4.26,41019
901,4.15,56446
902,4.28,22141
903,4.28,22141
904,3.91,35933
905,4.08,27366
906,4.2,9393
907,4.41,28244
908,4.51,7600
909,4.48,8929
910,4.07,8341
911,4.48,19439
912,4.32,18851
913,4.06,14777
914,4.75,4408
915,4.07,36753
916,3.91,20909
917,4.18,8738
918,4.07,28368
919,4.07,28368
920,3.68,34944
921,4.04,17320
922,3.76,14256
923,4.03,9327
924,4.52,12305
925,3.93,30838
926,4.09,6685
927,4.34,12179
928,3.74,24538
929,3.99,11294
930,4.01,9160
931,4.03,16746
932,3.93,21503
933,4.25,11513
934,3.96,38764
935,4.48,19439
936,3.97,33103
937,3.95,4804
938,3.84,40248
939,4,9732
940,4.2,10182
941,4.05,14841
942,3.89,12276
943,4.23,9382
944,4.24,16936
945,3.95,21624
946,3.89,12276
947,4.52,7840
948,4.25,11513
949,3.96,4291
950,4.12,10123
951,4.18,6844
952,4.01,18007
953,4.22,6392
954,3.75,19381
955,4.1,7251
956,3.82,7842
957,4.15,6815
958,4,24215
959,4,24215
960,3.86,10184
961,3.88,19865
962,4.22,17773
963,3.92,8650
964,3.92,6494
965,4.28,6148
966,4.29,12144
967,4.37,12021
968,3.8,2088
969,4.58,2470
970,4.14,14442
971,3.93,13868
972,4.06,5429
973,4.22,21217
974,4.22,21217
975,3.84,10199
976,3.71,7168
977,3.73,9737
978,3.9,9153
979,4.46,8087
980,4.14,4397
981,4.51,1622
982,4.13,3398
983,4.4,2627
984,4.09,1349
985,3.78,7799
986,4.06,9543
987,4.17,9789
988,3.89,13462
989,4.26,4230
990,4.06,14309
991,4.03,7097
992,4,13128
993,4.19,8689
994,4.33,3922
995,4.03,16400
996,4.02,11786
997,3.86,15350
998,3.83,5316
999,4.28,22141
1000,4.28,22141
1001,4.26,3534
1002,4.2,4267
1003,3.9,4098
1004,4.07,4294
1005,4.39,2227
1006,3.84,11057
1007,4.37,9490
1008,3.68,8951
1009,3.96,19016
1010,3.92,13887
1011,3.8,3810
1012,4.55,1654
1013,4,9204
1014,3.83,6374
1015,4.45,3951
1016,3.91,5902
1017,4.38,18200
1018,4.13,6034
1019,3.85,10126
1020,3.34,1567
1021,4.31,10780
1022,3.98,9160
1023,3.91,15367
1024,3.98,2025
1025,3.91,4167
1026,4.22,1782
1027,4.11,3802
1028,4.06,8809
1029,4.08,4340
1030,3.93,4024
1031,2.79,4531
1032,3.71,8814
1033,3.48,3743
1034,3.87,8270
1035,3.96,5234
1036,4.07,8486
1037,4.01,9663
1038,4.07,158671
1039,3.9,7204
1040,3.99,3809
1041,3.97,11044
1042,4.26,5592
1043,4.39,4007
1044,4.27,4175
1045,3.9,12022
1046,4.26,2483
1047,3.9,1272
1048,4.26,3837
1049,4.03,4618
1050,3.77,7266
1051,3.77,7266
1052,4.08,6735
1053,4.34,2011
1054,3.92,5518
1055,4.3,2808
1056,3.82,6040
1057,3.7,3851
1058,3.59,6298
1059,4.02,3196
1060,3.77,842
1061,3.5,4294
1062,3.5,2018
1063,3.81,1103
1064,4.04,2338
1065,4.09,1100
1066,3.85,5195
1067,4.01,24056
1068,4.03,309934
1069,3.89,270259
1070,3.84,265115
1071,3.76,248762
1072,3.76,125054
1073,3.81,388941
1074,3.8,184410
1075,4.03,175680
1076,3.88,151088
1077,3.76,307221
1078,3.6,192700
1079,4.02,255903
1080,4.2,68548
1081,3.96,83746
1082,3.65,103434
1083,4.29,73494
1084,3.73,19306
1085,3.7,70623
1086,3.98,233495
1087,3.77,38758
1088,3.97,44812
1089,4,98190
1090,3.74,112317
1091,4,77967
1092,3.76,144965
1093,3.93,75061
1094,3.67,94088
1095,4.14,47709
1096,3.47,29353
1097,3.78,29196
1098,3.72,110863
1099,4.58,46289
1100,3.7,115657
1101,4.01,46937
1102,3.75,151674
1103,3.5,76944
1104,3.89,72142
1105,3.78,110539
1106,3.58,121426
1107,3.47,131056
1108,3.7,77614
1109,3.79,160251
1110,3.57,75764
1111,3.62,75004
1112,3.7,26443
1113,3.9,76390
1114,3.62,83255
1115,4.52,60801
1116,3.89,113228
1117,3.67,80096
1118,3.88,67479
1119,3.83,82693
1120,3.57,109228
1121,3.7,89943
1122,3.82,158597
1123,3.78,113755
1124,4.25,51574
1125,4.25,51574
1126,4.04,32435
1127,4.13,39315
1128,3.57,66464
1129,3.61,75539
1130,3.3,54081
1131,3.75,41167
1132,3.55,59070
1133,3.58,78476
1134,4.04,43425
1135,3.69,136166
1136,4.01,18513
1137,4.35,22654
1138,4.48,28029
1139,3.84,177115
1140,3.82,136838
1141,3.88,25302
1142,4.09,34006
1143,3.59,263
1144,3.75,93791
1145,3.88,36978
1146,4.02,33104
1147,3.72,192837
1148,3.71,36807
1149,3.71,34447
1150,3.75,73091
1151,3.76,55940
1152,3.82,18529
1153,4.11,19351
1154,3.6,61344
1155,4.21,31739
1156,3.59,45675
1157,3.68,56547
1158,3.54,122370
1159,3.47,23956
1160,3.76,103794
1161,4.02,15385
1162,3.8,28335
1163,3.67,30957
1164,3.77,73243
1165,3.69,51917
1166,3.44,23738
1167,3.4,38832
1168,3.61,38826
1169,3.69,83849
1170,3.89,37642
1171,3.66,64858
1172,3.5,24994
1173,3.77,61955
1174,3.85,44001
1175,4.17,30896
1176,3.76,14454
1177,3.71,19961
1178,3.66,44553
1179,3.67,30626
1180,3.55,23511
1181,3.78,113755
1182,3.56,100418
1183,3.6,40985
1184,3.78,41472
1185,3.95,34243
1186,4.06,12566
1187,3.54,43324
1188,4.25,14579
1189,3.79,41498
1190,3.74,47279
1191,3.86,28087
1192,3.91,49865
1193,3.3,11999
1194,3.53,35196
1195,3.41,35866
1196,4.01,34037
1197,3.56,23954
1198,3.69,14948
1199,4.13,42802
1200,3.84,20269
1201,4.19,21596
1202,3.59,52695
1203,3.45,23417
1204,3.56,58340
1205,3.69,77984
1206,3.71,35765
1207,3.71,78685
1208,3.81,36676
1209,3.14,17106
1210,3.68,16718
1211,3.98,23872
1212,4.16,8043
1213,3.71,37528
1214,3.95,54165
1215,3.73,43686
1216,3.58,58652
1217,3.77,58553
1218,3.47,70429
1219,3.57,28173
1220,3.57,28705
1221,3.96,13763
1222,3.81,67653
1223,3.95,29290
1224,3.96,14842
1225,3.73,33786
1226,3.68,16909
1227,3.22,22116
1228,3.76,17849
1229,3.28,11365
1230,3.46,24012
1231,3.73,17108
1232,3.53,35619
1233,3.48,29016
1234,3.67,8568
1235,3.81,27654
1236,4.04,23071
1237,3.63,22531
1238,3.86,22020
1239,3.57,13808
1240,3.87,11977
1241,3.77,17791
1242,3.62,25453
1243,3.98,19376
1244,3.95,22785
1245,3.76,21195
1246,3.08,11317
1247,3.49,18520
1248,3.68,33065
1249,3.86,14827
1250,3.86,14827
1251,3.68,23851
1252,3.75,27324
1253,3.53,25151
1254,3.54,24225
1255,3.93,25640
1256,3.44,29941
1257,3.83,18587
1258,3.85,69924
1259,3.67,46107
1260,3.62,18344
1261,3.71,18169
1262,3.81,388941
1263,3.46,15317
1264,3.78,12731
1265,3.73,17464
1266,3.46,13013
1267,3.45,25942
1268,3.96,17576
1269,3.62,32914
1270,3.66,41991
1271,3.65,14520
1272,3.28,72680
1273,4.1,11843
1274,3.7,38032
1275,3.5,8565
1276,3.88,10019
1277,3.63,17501
1278,3.45,7304
1279,3.7,11902
1280,3.5,35379
1281,4.12,11019
1282,3.89,30796
1283,3.55,48168
1284,3.82,17406
1285,3.72,24773
1286,3.56,30903
1287,3.68,48651
1288,3.79,28485
1289,3.56,19180
1290,4.05,13138
1291,3.67,15312
1292,3.76,22926
1293,3.72,28508
1294,3.63,18139
1295,3.81,5810
1296,3.94,18657
1297,3.41,64654
1298,3.79,26490
1299,3.81,18121
1300,3.78,23772
1301,3.88,18157
1302,3.36,9543
1303,3.72,6362
1304,3.98,25142
1305,3.74,11152
1306,3.68,20648
1307,3.51,16755
1308,3.96,28563
1309,3.78,12449
1310,3.78,12449
1311,3.83,13671
1312,3.63,28250
1313,3.75,23465
1314,3.8,51210
1315,3.57,13188
1316,3.72,77758
1317,3.89,19220
1318,3.73,17110
1319,3.67,10181
1320,3.96,23807
1321,3.75,10163
1322,3.36,1574
1323,3.71,18219
1324,3.39,13996
1325,4.01,18126
1326,3.95,27356
1327,3.59,20494
1328,3.85,10029
1329,3.58,21718
1330,3.73,25040
1331,3.72,12856
1332,3.93,16345
1333,3.74,14498
1334,3.96,10531
1335,3.66,554
1336,4.22,6716
1337,3.81,18190
1338,3.55,17747
1339,3.71,16467
1340,3.8,28252
1341,3.69,33179
1342,3.64,15035
1343,3.99,7214
1344,3.87,9952
1345,3.68,21124
1346,3.91,13691
1347,3.81,13616
1348,4.28,11653
1349,4.2,68548
1350,4.74,3296
1351,3.82,21027
1352,3.65,11451
1353,3.73,18346
1354,3.72,35124
1355,3.43,14923
1356,3.77,19000
1357,3.24,5662
1358,3.81,39319
1359,3.64,11802
1360,3.08,10088
1361,3.52,19712
1362,3.89,7072
1363,3.74,12244
1364,3.48,6781
1365,3.85,5880
1366,3.85,5880
1367,3.64,15694
1368,3.85,21778
1369,3.57,3873
1370,3.73,30840
1371,3.58,17401
1372,3.82,13004
1373,4.13,8155
1374,3.49,12524
1375,3.5,26167
1376,3.63,14718
1377,3.44,13108
1378,3.85,13588
1379,3.68,13544
1380,3.94,26093
1381,3.48,6932
1382,3.48,6932
1383,3.75,15833
1384,3.27,7818
1385,3.53,29119
1386,3.91,50443
1387,3.59,36309
1388,3.58,16409
1389,3.9,11938
1390,3.59,11626
1391,3.79,16413
1392,4.16,5167
1393,4.1,8704
1394,3.79,27707
1395,3.35,32716
1396,2.99,9467
1397,3.75,13340
1398,3.7,31957
1399,3.41,8149
1400,3.82,19618
1401,3.99,20583
1402,3.41,4556
1403,3.7,23007
1404,3.62,13785
1405,3.37,8044
1406,3.48,7547
1407,3.72,16393
1408,3.71,38475
1409,3.61,15906
1410,3.66,13627
1411,3.64,17670
1412,3.76,17569
1413,3.9,16932
1414,3.48,15673
1415,3.46,6022
1416,3.85,19035
1417,3.53,5755
1418,3.63,11822
1419,3.6,12320
1420,3.74,7064
1421,3.86,17203
1422,3.57,10265
1423,3.74,13063
1424,3.46,8062
1425,3.81,388941
1426,3.61,16432
1427,3.66,12105
1428,3.79,7657
1429,3.79,13812
1430,3.76,9160
1431,3.77,19047
1432,3.7,13316
1433,3.78,12671
1434,3.81,16786
1435,3.46,3962
1436,3.79,15200
1437,3.4,13300
1438,3.58,7501
1439,3.51,29587
1440,3.51,8475
1441,3.73,19658
1442,3.78,35544
1443,3.78,35544
1444,4.01,6465
1445,3.35,4498
1446,3.81,1740
1447,3.62,13298
1448,3.52,8950
1449,3.8,8715
1450,4.05,10553
1451,3.85,18321
1452,3.79,10316
1453,3.57,14242
1454,3.9,10301
1455,3.79,19110
1456,3.91,18692
1457,3.78,13923
1458,3.96,13367
1459,3.35,11497
1460,3.67,9992
1461,3.98,3801
1462,4.11,11229
1463,3.62,14301
1464,3.38,4706
1465,3.94,7094
1466,3.94,7094
1467,3.78,39158
1468,3.91,23964
1469,3.75,18571
1470,3.46,4774
1471,3.78,9284
1472,3.74,15073
1473,3.17,1768
1474,3.91,8872
1475,3.67,6429
1476,3.76,8711
1477,4.01,9347
1478,3.41,9826
1479,3.71,24848
1480,3.57,3411
1481,3.44,11805
1482,3.98,13219
1483,3.57,5034
1484,3.56,14620
1485,3.72,24974
1486,3.85,11089
1487,3.77,20085
1488,3.63,6658
1489,3.73,11207
1490,3.72,9090
1491,4.07,11457
1492,3.58,24184
1493,3.49,9273
1494,3.57,10034
1495,3.61,12237
1496,3.79,5580
1497,3.6,6823
1498,3.71,28029
1499,3.55,11544
1500,3.6,7454
1501,3.77,9007
1502,3.67,16435
1503,3.61,32763
1504,3.65,16972
1505,3.67,12491
1506,3.57,13579
1507,3.36,10473
1508,3.49,5275
1509,3.7,9531
1510,3.55,14593
1511,3.73,9386
1512,3.55,7642
1513,3.64,12105
1514,3.75,5215
1515,3.64,16156
1516,3.78,6049
1517,3.41,8880
1518,3.6,15983
1519,3.54,13218
1520,3.69,28880
1521,4.03,13660
1522,3.85,13049
1523,3.56,12667
1524,3.59,7432
1525,3.62,13158
1526,3.67,7334
1527,3.81,388941
1528,3.37,4043
1529,3.58,6561
1530,4.13,6384
1531,3.79,14530
1532,3.33,9445
1533,3.69,7320
1534,3.93,6016
1535,3.77,8716
1536,3.69,11112
1537,3.65,10503
1538,4.14,6937
1539,3.76,6716
1540,3.83,8467
1541,3.34,9473
1542,3.35,2951
1543,3.59,12708
1544,3.48,10910
1545,3.62,7418
1546,3.45,22275
1547,3.82,7370
1548,3.71,9498
1549,3.5,9080
1550,3.78,21594
1551,3.88,12216
1552,3.69,13689
1553,3.89,15945
1554,3.51,19119
1555,3.54,6531
1556,3.98,4408
1557,3.44,4979
1558,3.68,15286
1559,3.43,22500
1560,3.76,7801
1561,3.71,1815
1562,3.84,14038
1563,3.77,11513
1564,3.87,4918
1565,3.93,9026
1566,3.67,6173
1567,3.85,20292
1568,3.7,11950
1569,3.53,5296
1570,3.65,19800
1571,3.49,5119
1572,3.62,6969
1573,3.7,7312
1574,3.66,9952
1575,3.35,9786
1576,3.9,9463
1577,3.57,20976
1578,3.71,16467
1579,3.75,14279
1580,3.29,6927
1581,3.46,16337
1582,3.59,7088
1583,3.9,5474
1584,3.45,5149
1585,4.05,4120
1586,3.69,5844
1587,3.38,9105
1588,3.73,9153
1589,3.69,24473
1590,3.69,9117
1591,3.76,7978
1592,3.76,4620
1593,3.57,10176
1594,3.79,8395
1595,3.75,9953
1596,3.65,16300
1597,3.59,5761
1598,3.66,12263
1599,4.25,10125
1600,3.69,9687
1601,3.52,7583
1602,4.01,8176
1603,3.95,19450
1604,3.94,7141
1605,3.77,11343
1606,3.77,5141
1607,3.65,2489
1608,3.85,4925
1609,3.61,6836
1610,3.92,148
1611,3.75,8189
1612,4.06,6539
1613,3.88,3913
1614,3.9,9349
1615,3.9,9349
1616,3.61,1325
1617,3.42,9728
1618,3.67,9583
1619,3.58,10353
1620,3.81,388941
1621,3.54,12766
1622,3.66,9882
1623,3.86,7704
1624,3.7,5513
1625,3.38,7746
1626,3.57,13254
1627,3.71,33348
1628,3.74,8162
1629,3.64,7559
1630,4.05,3782
1631,3.61,9374
1632,3.66,9437
1633,3.56,9167
1634,3.66,9952
1635,3.89,3927
1636,3.55,3311
1637,3.59,19966
1638,3.64,9691
1639,3.7,11941
1640,3.58,5377
1641,3.69,6170
1642,3.66,5795
1643,3.73,6278
1644,3.93,6222
1645,3.86,9767
1646,3.79,7794
1647,3.44,27403
1648,3.67,2570
1649,3.77,11554
1650,3.7,6536
1651,3.38,398
1652,3.81,11707
1653,3.88,3846
1654,3.69,7411
1655,3.53,6185
1656,3.68,7482
1657,3.66,7417
1658,3.51,15002
1659,3.66,17063
1660,3.81,388941
1661,3.71,6149
1662,3.14,2486
1663,3.44,8180
1664,3.81,7025
1665,3.8,7888
1666,3.58,4162
1667,3.24,4028
1668,3.46,6196
1669,3.81,388941
1670,3.63,12269
1671,3.59,1428
1672,3.84,7161
1673,3.6,4719
1674,3.55,10934
1675,3.71,13462
1676,3.8,8744
1677,3.72,2474
1678,3.74,7147
1679,3.59,5418
1680,3.62,6322
1681,3.43,8663
1682,3.69,3307
1683,3.69,2685
1684,3.9,9463
1685,3.73,1777
1686,3.98,2177
1687,4.02,3734
1688,3.67,5005
1689,3.67,8655
1690,3.67,7747
1691,3.51,19204
1692,3.89,6005
1693,3.71,14411
1694,3.41,5699
1695,4.29,5087
1696,2.95,3622
1697,3.67,5325
1698,3.8,9321
1699,3.63,7384
1700,4.01,7671
1701,3.51,1472
1702,4.25,5273
1703,3.92,11217
1704,3.76,9780
1705,3.59,3516
1706,3.86,7870
1707,3.58,10671
1708,3.63,77
1709,3.77,12596
1710,3.83,6291
1711,3.79,8660
1712,3.79,6706
1713,3.7,7121
1714,4.04,5032
1715,3.54,40240
1716,4.05,3700
1717,3.72,6143
1718,3.55,4746
1719,3.74,4188
1720,3.78,3608
1721,3.39,7952
1722,3.76,7786
1723,3.72,6723
1724,3.8,4621
1725,3.72,3911
1726,3.51,7437
1727,3.81,6178
1728,3.95,34243
1729,3.54,6739
1730,3.75,10938
1731,3.58,3953
1732,3.86,48887
1733,3.92,8278
1734,3.85,7912
1735,3.8,6462
1736,3.69,3992
1737,3.65,7371
1738,3.54,4805
1739,3.82,9850
1740,3.62,2993
1741,3.49,8185
1742,3.75,11784
1743,3.5,4716
1744,4.01,4117
1745,3.78,7303
1746,3.77,11832
1747,3.67,12376
1748,3.85,5880
1749,3.85,5880
1750,3.71,7264
1751,3.81,4803
1752,3.65,3196
1753,3.37,2772
1754,3.71,1425
1755,3.81,3289
1756,3.79,3984
1757,3.55,4545
1758,3.24,4066
1759,3.67,4669
1760,3.84,5821
1761,3.77,10174
1762,3.7,9701
1763,3.79,5948
1764,3.76,10949
1765,3.51,5175
1766,3.85,4720
1767,3.42,7298
1768,3.62,13785
1769,3.6,6944
1770,3.57,10034
1771,3.35,1823
1772,3.38,9934
1773,3.58,6366
1774,3.96,6535
1775,3.35,5107
1776,3.85,5202
1777,4.03,1964
1778,3.76,29355
1779,4.07,4604
1780,3.76,15320
1781,3.88,3198
1782,3.88,6037
1783,3.99,4823
1784,3.71,11323
1785,3.68,14337
1786,3.77,7673
1787,3.8,6927
1788,3.8,11462
1789,3.53,6952
1790,4.01,8190
1791,3.62,11507
1792,3.61,6132
1793,4.43,134282
1794,3.67,221702
1795,4.02,98468
1796,4.27,65684
1797,3.61,127703
1798,3.85,84303
1799,3.62,183105
1800,3.54,65244
1801,4.27,30628
1802,3.71,88135
1803,3.56,75599
1804,3.46,113917
1805,4.1,43030
1806,3.44,12971
1807,3.82,102801
1808,3.6,59995
1809,3.67,75228
1810,3.82,70361
1811,3.96,44752
1812,3.76,51914
1813,4.44,19502
1814,3.44,29601
1815,3.91,63770
1816,3.8,76830
1817,3.76,28599
1818,3.77,27969
1819,3.57,41610
1820,3.49,91680
1821,3.86,48276
1822,3.49,57206
1823,3.35,65723
1824,3.83,31105
1825,3.79,31534
1826,3.55,43219
1827,3.95,27355
1828,3.42,8668
1829,3.29,30226
1830,3.21,24816
1831,3.7,22250
1832,3.61,36366
1833,4.05,12895
1834,4.03,24447
1835,3.62,5879
1836,3.65,57381
1837,3.42,20679
1838,3.57,141
1839,3.49,9061
1840,3.64,32798
1841,3.33,51365
1842,3.5,39862
1843,3.58,21815
1844,3.62,38231
1845,3.47,7780
1846,3.46,18236
1847,3.38,9541
1848,3.83,39428
1849,3.73,7067
1850,3.7,17788
1851,3.3,8627
1852,3.85,52308
1853,3.56,35986
1854,3.48,19942
1855,4.53,12579
1856,3.74,57580
1857,3.56,26645
1858,3.57,46264
1859,3.82,38260
1860,3.58,18276
1861,3.35,16697
1862,3.37,16297
1863,3.5,15652
1864,3.53,7667
1865,3.36,14817
1866,3.39,8654
1867,3.16,5631
1868,3.79,16816
1869,3.5,52342
1870,3.67,22659
1871,3.56,9769
1872,3.72,18569
1873,3.51,9601
1874,3.5,17768
1875,3.46,27580
1876,3.45,10697
1877,3.51,23194
1878,3.6,14882
1879,3.5,12536
1880,3.92,22002
1881,3.92,22002
1882,3.64,17287
1883,3.61,85758
1884,3.56,15021
1885,3.43,11348
1886,3.62,28742
1887,3.61,8049
1888,3.75,9049
1889,3.83,10534
1890,4.27,30628
1891,3.7,12054
1892,4.12,5072
1893,3.77,14689
1894,3.55,16918
1895,3.49,10998
1896,3.57,23070
1897,3.32,13507
1898,3.74,9860
1899,3.33,11714
1900,3.49,20115
1901,3.65,22460
1902,3.49,14291
1903,3.54,9118
1904,3.3,4885
1905,3.35,22260
1906,3.21,40283
1907,3.49,13121
1908,3.59,11576
1909,4.05,12019
1910,3.9,12916
1911,3.78,10614
1912,3.64,26165
1913,3.33,132
1914,3.87,11947
1915,3.66,10633
1916,3.42,5255
1917,3.31,2864
1918,3.63,34814
1919,3.86,19888
1920,3.71,12483
1921,3.42,5973
1922,3.73,22354
1923,3.46,10137
1924,3.49,10006
1925,3.62,183105
1926,3.47,8033
1927,3.77,10651
1928,3.69,35766
1929,3.58,15086
1930,3.33,4824
1931,4.05,6538
1932,3.5,13952
1933,3.71,14876
1934,3.42,14498
1935,3.64,7957
1936,3.71,26232
1937,3.81,22895
1938,3.63,10307
1939,3.49,12223
1940,3.27,4964
1941,3.64,20020
1942,3.26,4141
1943,3.58,7401
1944,3.53,8948
1945,3.65,7712
1946,3.53,5526
1947,3.46,4026
1948,4,10458
1949,3.62,10460
1950,3.4,181
1951,3.77,11656
1952,3.33,22155
1953,3.26,3051
1954,3.79,12072
1955,3.57,12084
1956,3.56,5048
1957,3.45,3812
1958,3.47,5514
1959,3.37,6348
1960,3.6,10730
1961,3.57,2722
1962,3.71,3923
1963,3.72,13069
1964,3.58,9059
1965,3.5,4505
1966,3.63,12051
1967,3.59,8145
1968,3.58,8143
1969,3.5,6635
1970,3.85,10841
1971,3.78,7128
1972,3.82,6901
1973,3.69,6425
1974,3.29,5130
1975,3.56,5207
1976,3.56,5399
1977,3.53,8407
1978,3.34,16146
1979,3.49,12313
1980,3.44,29601
1981,3.54,10774
1982,3.77,9063
1983,3.68,3611
1984,3.5,13782
1985,3.52,6648
1986,3.4,3013
1987,3.67,7423
1988,3.9,7146
1989,3.46,3925
1990,3.57,10483
1991,3.46,6039
1992,3.46,25925
1993,3.73,11679
1994,3.6,9947
1995,3.88,5831
1996,3.4,13289
1997,3.37,5992
1998,3.3,4098
1999,3.43,7209
2000,3.96,7588
2001,3.47,4498
2002,3.68,6380
2003,3.07,104
2004,3.55,7546
2005,3.3,5352
2006,3.56,100418
2007,3.53,2981
2008,3.53,7075
2009,3.56,1582
2010,4.18,3522
2011,3.57,5938
2012,3.93,10431
2013,3.44,7211
2014,3.49,6346
2015,3.41,7212
2016,3.91,2674
2017,3.64,2855
2018,3.45,1895
2019,3.55,6750
2020,3.44,2845
2021,3.29,5949
2022,3.58,4261
2023,3.44,3375
2024,3.52,8001
2025,3.71,2795
2026,3.37,7108
2027,3.43,10063
2028,3.18,2253
2029,3.66,6055
2030,3.8,5775
2031,3.86,4138
2032,3.38,5980
2033,3.98,1875
2034,3.51,2545
2035,3.69,3545
2036,3.44,1987
2037,3.42,7307
2038,3.76,2509
2039,3.5,5231
2040,3.71,6595
2041,3.49,9712
2042,3.86,3319
2043,3.52,8327
2044,3.76,219594
2045,4.04,97591
2046,3.39,231611
2047,3.45,219510
2048,3.59,74953
2049,3.61,62650
2050,3.37,31931
2051,3.45,109259
2052,3.8,34179
2053,3.3,62484
2054,3.48,29093
2055,3.53,21674
2056,3.08,27824
2057,3.35,21069
2058,3.34,27939
2059,3.49,20335
2060,3.8,40684
2061,3.46,6080
2062,3.6,20220
2063,3.49,72686
2064,3.48,31398
2065,3.45,10522
2066,3.62,28219
2067,3.28,9117
2068,3.64,52421
2069,3.51,8713
2070,3.36,14204
2071,3.45,19493
2072,3.35,18007
2073,3.59,23422
2074,3.37,38743
2075,3.54,5425
2076,3.37,7589
2077,3.95,9436
2078,3.82,18424
2079,3.55,8941
2080,3.05,11540
2081,4.02,5709
2082,3.9,8795
2083,3.34,4178
2084,3.34,13593
2085,3.56,20917
2086,3.88,9963
2087,3.45,10350
2088,3.37,8998
2089,3.44,6272
2090,3.43,5637
2091,3.61,11699
2092,3.59,3311
2093,3.54,1969
2094,3.45,5389
2095,3.83,4652
2096,3.51,12759
2097,3.36,3602
2098,3.56,4350
2099,3.57,1148
2100,3.46,9743
2101,3.33,2483
2102,3.4,3191
2103,3.58,4865
2104,3.49,4512
2105,3.7,5576
2106,3.77,4369
2107,3.68,21187
2108,3.65,25
2109,3.52,15048
2110,3.28,4084
2111,3.42,2000
2112,3.47,2680
2113,3.39,7476
2114,3.63,1942
2115,3.59,5520
2116,3.41,3416
2117,3.66,3692
2118,3.47,4943
2119,3.53,50532
2120,3.43,3224
2121,3.3,2851
2122,3.67,6877
2123,3.54,1946
2124,3.57,6387
2125,3.44,6153
2126,3.11,1515
2127,4.09,140692
2128,3.8,102431
2129,3.83,154776
2130,3.8,173259
2131,3.56,48316
2132,3.73,52497
2133,3.6,54345
2134,3.68,44154
2135,3.85,122956
2136,3.34,26309
2137,3.75,68620
2138,3.75,21214
2139,3.69,53997
2140,4.35,20463
2141,4,124884
2142,4.39,27217
2143,3.83,75084
2144,3.5,95912
2145,3.86,59941
2146,3.66,31806
2147,4,30193
2148,3.73,31104
2149,3.79,31896
2150,3.91,16247
2151,3.56,11550
2152,3.74,24501
2153,3.89,8188
2154,3.61,21600
2155,3.4,17758
2156,3.69,22941
2157,3.5,17459
2158,4.18,11401
2159,3.91,27729
2160,4.48,8846
2161,3.96,8068
2162,4.07,7886
2163,3.87,34432
2164,3.55,12519
2165,3.79,11239
2166,3.76,29414
2167,3.95,2175
2168,3.93,9201
2169,4.07,17282
2170,3.82,17687
2171,4.24,12393
2172,3.83,16448
2173,3.2,8624
2174,4.21,5629
2175,4.14,10214
2176,3.86,21848
2177,3.87,7204
2178,3.71,29010
2179,4.13,6163
2180,3.89,27825
2181,3.74,8553
2182,3.59,15381
2183,3.76,3914
2184,3.73,29746
2185,3.75,11992
2186,3.76,11759
2187,3.7,11537
2188,3.79,16850
2189,3.82,3733
2190,3.62,7101
2191,3.57,9412
2192,3.57,3193
2193,3.77,5260
2194,3.53,7810
2195,3.7,1833
2196,3.77,10976
2197,3.95,16
2198,3.6,10270
2199,3.87,4549
2200,3.75,12578
2201,3.55,5826
2202,3.85,12383
2203,3.59,3187
2204,3.57,12545
2205,3.76,16618
2206,3.92,19018
2207,3.6,8860
2208,3.92,18228
2209,3.74,10306
2210,3.78,10336
2211,3.83,23008
2212,3.83,9766
2213,4.05,6813
2214,3.88,18740
2215,3.86,8141
2216,3.72,16873
2217,3.62,7644
2218,3.78,11376
2219,3.94,2702
2220,3.66,6403
2221,3.74,12002
2222,3.56,9976
2223,4.19,4454
2224,4.15,4718
2225,3.67,3906
2226,3.81,16355
2227,3.31,3034
2228,3.74,18819
2229,3.41,12589
2230,3.86,3660
2231,3.66,1996
2232,3.65,4411
2233,3.96,3002
2234,3.68,9872
2235,3.71,3836
2236,3.38,963
2237,4.17,6839
2238,3.55,2110
2239,4.32,4674
2240,3.58,2676
2241,3.53,3456
2242,3.43,2591
2243,3.76,3267
2244,3.77,6484
2245,3.81,49141
2246,3.49,20388
2247,3.85,2985
2248,3.69,8576
2249,3.82,5854
2250,3.77,4362
2251,3.65,2689
2252,3.48,1092
2253,3.46,2504
2254,3.83,3625
2255,3.67,4547
2256,3.56,4984
2257,4.05,7680
2258,3.57,3878
2259,3.61,3257
2260,3.9,3467
2261,3.6,6913
2262,3.94,3894
2263,3.96,5907
2264,4.28,3140
2265,3.77,5076
2266,3.76,6481
2267,3.74,2575
2268,3.49,9880
2269,3.9,2950
2270,3.55,4011
2271,3.76,5471
2272,3.62,2941
2273,3.44,2805
2274,3.41,4557
2275,3.66,31806
2276,3.72,1244
2277,3.46,1579
2278,3.8,71603
2279,3.85,73549
2280,3.67,34198
2281,3.88,71936
2282,3.68,28747
2283,3.6,23131
2284,3.7,24826
2285,3.65,9915
2286,3.7,15955
2287,3.76,24617
2288,3.73,40194
2289,3.34,9886
2290,3.42,11733
2291,3.75,24974
2292,4.07,30678
2293,3.83,33975
2294,3.64,15318
2295,3.64,4972
2296,3.84,14604
2297,3.75,32998
2298,3.64,19298
2299,3.28,15828
2300,3.78,13292
2301,3.6,13020
2302,3.84,15491
2303,3.9,119
2304,3.85,14424
2305,3.77,9001
2306,3.73,5800
2307,3.47,11493
2308,3.42,14070
2309,4.07,6115
2310,3.49,4343
2311,3.5,1912
2312,3.28,3766
2313,3.89,9316
2314,3.94,9217
2315,3.79,24191
2316,4.02,12633
2317,4.02,12633
2318,3.49,7863
2319,3.69,5329
2320,3.29,11394
2321,3.81,5717
2322,3.9,4817
2323,3.82,13540
2324,3.86,2721
2325,3.73,6621
2326,3.8,3353
2327,3.69,7474
2328,3.52,7038
2329,3.91,5628
2330,4.03,8426
2331,3.6,6849
2332,3.66,2173
2333,3.6,4671
2334,3.47,2338
2335,3.72,8245
2336,3.91,4416
2337,3.8,7172
2338,3.8,4921
2339,3.92,8463
2340,3.86,4172
2341,3.77,6484
2342,3.75,7033
2343,3.54,19418
2344,3.85,10280
2345,3.8,71603
2346,3.9,853
2347,3.66,2288
2348,4,5381
2349,3.66,1135
2350,3.36,14702
2351,3.93,47050
2352,3.89,107970
2353,3.7,44149
2354,4.3,16509
2355,3.88,56246
2356,3.88,9542
2357,3.42,17267
2358,3.79,6743
2359,3.5,11678
2360,3.79,5209
2361,3.91,11963
2362,3.91,21526
2363,3.7,5507
2364,3.95,17696
2365,3.87,4033
2366,3.87,4033
2367,3.25,8647
2368,4.06,17538
2369,4.06,17538
2370,3.56,20237
2371,4.15,7591
2372,4.15,6687
2373,3.98,816
2374,3.18,7669
2375,3.83,11252
2376,3.79,5826
2377,3.86,5515
2378,3.95,3582
2379,3.49,543
2380,3.66,142
2381,3.43,2318
2382,3.87,2409
2383,3.71,5937
2384,3.62,2436
2385,4.01,1237
2386,3.82,3068
2387,3.45,2338
2388,3.97,4604
2389,3.9,29673
2390,3.9,21876
2391,4.11,12561
2392,4.16,22796
2393,4.02,22433
2394,3.94,26137
2395,3.68,77305
2396,4.05,15670
2397,3.96,18008
2398,3.95,49617
2399,3.83,13590
2400,3.87,11185
2401,3.86,12060
2402,3.65,42275
2403,4.02,22433
2404,3.91,10703
2405,3.5,27513
2406,3.98,8447
2407,4.02,5469
2408,4.02,5469
2409,4.2,1874
2410,3.88,6400
2411,4.29,4152
2412,4.12,2353
2413,3.91,3556
2414,3.87,7654
2415,3.9,4627
2416,4.01,9220
2417,3.8,3846
2418,3.89,8459
2419,4.1,3107
2420,4.13,10006
2421,3.79,3644
2422,4.11,2515
2423,3.85,5958
2424,3.58,10543
2425,4.09,4316
2426,4.08,9345
2427,4.07,1609
2428,4.17,9125
2429,3.91,16692
2430,3.85,7527
2431,4.16,556
2432,4.07,310
2433,3.84,1996
2434,3.41,27151
2435,3.93,30838
2436,3.69,4696
2437,3.67,717
2438,3.59,764
2439,3.49,109
2440,3.55,1035
2441,3.71,112
2442,3.33,24878
2443,3.9,27577
2444,2.81,11503
2445,3.48,2489
2446,3.33,36451
2447,3.51,11360
2448,3.62,6272
2449,3.24,4821
2450,3.24,4891
2451,3.44,2180
2452,3.36,4803
2453,3.86,5811
2454,3.33,24878
2455,3.35,3088
2456,2.55,1403
2457,3.5,4837
2458,3.66,4343
2459,3.24,2298
2460,3.61,1498
2461,3.4,1490
2462,3.48,1754
2463,3.31,4088
2464,3.46,2613
2465,3.6,1458
2466,3.68,4460
2467,3.66,1287
2468,2.64,702
2469,3.56,75936
2470,3.56,56834
2471,3.81,67664
2472,4.26,11460
2473,3.48,8092
2474,3.5,19272
2475,3.78,33893
2476,3.23,16867
2477,3.57,11284
2478,3.5,12802
2479,3.17,11011
2480,3.56,11122
2481,3.47,15310
2482,4.4,5261
2483,3.24,4283
2484,3.38,4994
2485,3.58,2545
2486,3.55,9504
2487,3.65,6179
2488,3.5,7588
2489,3.23,6987
2490,3.42,7852
2491,3.45,6260
2492,3.43,5560
2493,3.56,8378
2494,3.46,11004
2495,3.34,3234
2496,3.77,137144
2497,3.31,90585
2498,3.27,57368
2499,3.3,35911
2500,3.58,96246
2501,4.1,15159
2502,3.31,20868
2503,3.4,36864
2504,3.58,47898
2505,3.38,45866
2506,4.17,4571
2507,3.62,17444
2508,3.81,20988
2509,3.5,41552
2510,3.58,77617
2511,3.4,54509
2512,3.85,21158
2513,3.66,24815
2514,3.75,48036
2515,3.58,7118
2516,3.84,11436
2517,4.09,6945
2518,3.55,30603
2519,3.24,11401
2520,3.45,13003
2521,4.09,3857
2522,3.75,19503
2523,3.75,2112
2524,3.73,13340
2525,3.63,6303
2526,3.52,19572
2527,3.75,7994
2528,3.54,11673
2529,3.52,18910
2530,3.86,8805
2531,3.57,16228
2532,3.76,9670
2533,3.53,8345
2534,3.88,4610
2535,3.7,6785
2536,3.52,6561
2537,3.57,4794
2538,3.29,5323
2539,3.36,7086
2540,4.04,3810
2541,3.67,4931
2542,3.61,6754
2543,3.66,5083
2544,3.2,2245
2545,3.81,16786
2546,3.25,3490
2547,3.43,4177
2548,3.53,5074
2549,3.78,5992
2550,3.57,2178
2551,3.46,2552
2552,3.37,3403
2553,3.93,4607
2554,3.57,4794
2555,3.35,3986
2556,3.44,9210
2557,3.83,5475
2558,3.7,33547
2559,3.75,39316
2560,3.59,21176
2561,3.67,24349
2562,3.56,13780
2563,3.51,14513
2564,3.68,12472
2565,3.66,6662
2566,3.72,17398
2567,3.49,12415
2568,3.49,3840
2569,3.47,5949
2570,3.78,6801
2571,3.34,3671
2572,3.47,19407
2573,3.63,7563
2574,3.62,13410
2575,3.55,5327
2576,3.47,10373
2577,3.66,7545
2578,3.84,3560
2579,3.9,5911
2580,3.57,4046
2581,3.55,11022
2582,3.58,8640
2583,3.7,1898
2584,3.58,4126
2585,4.22,2851
2586,3.65,1513
2587,3.48,5740
2588,3.67,1394
2589,3.48,4544
2590,3.26,2051
2591,3.67,5517
2592,3.53,4726
2593,3.46,3906
2594,3.72,2446
2595,3.69,2697
2596,3.65,4150
2597,3.67,5765
2598,3.63,1284
2599,3.44,1042
2600,3.48,3497
2601,3.5,3535
2602,3.75,4942
2603,3.55,2510
2604,3.73,3437
2605,3.65,3705
2606,3.51,470
2607,4.01,2917
2608,3.95,2254
2609,3.88,11536
2610,3.8,8412
2611,3.83,3603
2612,3.59,2643
2613,3.9,1517
2614,3.73,2160
2615,3.66,440
2616,3.86,1187
2617,3.86,1187
2618,3.52,236
2619,3.57,503
2620,3.8,964
2621,3.65,5505
2622,3.59,4825
2623,3.24,4164
2624,3.33,7510
2625,3.61,4915
2626,3.45,10025
2627,3.55,3889
2628,3.65,4999
2629,3.75,1954
2630,3.82,1938
2631,3.45,1149
2632,3.82,1938
2633,3.85,45603
2634,3.73,98146
2635,3.78,81676
2636,3.78,67847
2637,3.6,97835
2638,3.62,124096
2639,3.39,37971
2640,4.09,6943
2641,3.56,21018
2642,3.72,16410
2643,4.02,13864
2644,3.58,20316
2645,3.55,27020
2646,3.46,36727
2647,3.78,9966
2648,3.68,23812
2649,3.51,32104
2650,3.38,11460
2651,3.74,43572
2652,3.55,19905
2653,3.67,12839
2654,3.54,26949
2655,3.62,18862
2656,3.65,34366
2657,3.58,23400
2658,3.93,3145
2659,3.69,5899
2660,3.43,8568
2661,3.93,6771
2662,3.56,12170
2663,3.59,5669
2664,3.89,3564
2665,3.81,9912
2666,3.84,5354
2667,3.73,8172
2668,3.73,8172
2669,3.51,9420
2670,3.75,14237
2671,3.71,2090
2672,3.68,9253
2673,3.9,3958
2674,3.9,1420
2675,3.9,1420
2676,3.75,3992
2677,3.57,9334
2678,3.86,3082
2679,3.81,5521
2680,3.74,10432
2681,3.56,45209
2682,3.41,7871
2683,3.75,5104
2684,3.48,2156
2685,3.44,1944
2686,3.78,1553
2687,3.78,1553
2688,3.61,1989
2689,3.53,5247
2690,3.63,2364
2691,3.6,208648
2692,3.77,72664
2693,3.76,66582
2694,3.66,13549
2695,3.74,44378
2696,3.36,80605
2697,3.15,49480
2698,3.79,37121
2699,3.54,10749
2700,3.51,65545
2701,3.4,22662
2702,3.72,68424
2703,3.6,2259
2704,3.55,18187
2705,3.62,26276
2706,3.37,20211
2707,3.63,10411
2708,3.53,17331
2709,4.01,6514
2710,3.52,34812
2711,3.54,10123
2712,3.6,13852
2713,3.5,21103
2714,3.37,10765
2715,3.45,15602
2716,3.34,10406
2717,3.35,3670
2718,3.42,9828
2719,3.55,30738
2720,3.63,3856
2721,3.72,21089
2722,3.52,8107
2723,3.36,4670
2724,3.53,5203
2725,3.73,13262
2726,3.55,4638
2727,3.48,4412
2728,3.31,23195
2729,3.49,10878
2730,3.5,5533
2731,3.45,4178
2732,3.59,11202
2733,3.71,61
2734,3.81,4160
2735,3.21,18
2736,3.57,1777
2737,3.71,2367
2738,3.6,4145
2739,3.62,29932
2740,3.81,3461
2741,3.37,6184
2742,3.47,5651
2743,3.7,3571
2744,3.96,88738
2745,3.9,46010
2746,3.8,46883
2747,3.88,96102
2748,3.88,72521
2749,3.84,70782
2750,3.91,22315
2751,3.84,52934
2752,4.08,25435
2753,4.07,19994
2754,3.81,28556
2755,3.86,18937
2756,4.03,15620
2757,3.89,13319
2758,3.8,39924
2759,3.81,16700
2760,3.6,24736
2761,3.72,13166
2762,3.68,4560
2763,4.02,4885
2764,3.59,12638
2765,3.83,2528
2766,3.57,5774
2767,3.59,24860
2768,3.75,9188
2769,3.81,7995
2770,3.79,7749
2771,4.03,9053
2772,3.79,2757
2773,3.92,2311
2774,4.01,1176
2775,3.72,2925
2776,3.84,4891
2777,4.05,2446
2778,3.69,2611
2779,3.88,3662
2780,3.94,3974
2781,3.57,3782
2782,3.83,7390
2783,3.76,5262
2784,3.75,2303
2785,4,1301
2786,3.75,4631
2787,3.77,1788
2788,3.57,2517
2789,2.83,73
2790,3.68,3299
2791,3.69,1807
2792,3.94,195483
2793,3.74,107284
2794,3.75,66394
2795,3.86,25651
2796,3.89,129625
2797,3.72,50681
2798,3.8,28989
2799,3.83,36964
2800,3.83,36964
2801,3.85,19872
2802,3.83,48785
2803,3.53,26135
2804,3.7,19712
2805,3.56,16824
2806,3.81,13038
2807,3.6,29871
2808,3.47,13614
2809,3.66,10125
2810,4.22,195
2811,3.77,9004
2812,3.45,3477
2813,3.78,4606
2814,4,2019
2815,3.69,5534
2816,3.51,5271
2817,4.05,2067
2818,3.49,7285
2819,3.94,3332
2820,3.38,12113
2821,3.79,7480
2822,3.61,2304
2823,3.57,3276
2824,3.57,4492
2825,3.87,4733
2826,3.66,2094
2827,3.46,3667
2828,3.62,310
2829,4.1,544
2830,3.88,323
2831,4.15,664
2832,3.19,53
2833,3.56,26
2834,3.55,240
2835,3.46,648
2836,4.01,85
2837,3.71,20
2838,3.6,45626
2839,3.68,12015
2840,3.94,12093
2841,3.6,12042
2842,4.12,3461
2843,3.71,14277
2844,3.51,2963
2845,3.42,4180
2846,3.5,6657
2847,3.68,3657
2848,3.77,4879
2849,3.57,3887
2850,3.8,63588
2851,3.81,46438
2852,3.78,43843
2853,3.78,15074
2854,3.7,39021
2855,3.74,15466
2856,3.65,55595
2857,3.49,9221
2858,3.42,5055
2859,3.59,25125
2860,3.54,5224
2861,3.67,3247
2862,3.69,6373
2863,3.67,13819
2864,3.44,24365
2865,3.53,21046
2866,3.74,3979
2867,3.53,938
2868,3.72,9090
2869,3.86,4815
2870,3.59,3991
2871,3.75,2305
2872,3.9,1615
2873,3.77,2147
2874,3.74,5384
2875,3.82,4114
2876,3.76,2468
2877,3.56,481
2878,3.39,2475
2879,3.52,2076
2880,3.91,2583
2881,3.49,81
2882,4.01,6409
2883,4.03,3235
2884,3.75,37938
2885,3.87,48631
2886,3.87,48631
2887,3.83,6984
2888,3.99,8748
2889,3.84,4177
2890,3.84,92685
2891,4.02,64851
2892,4.24,24865
2893,3.68,23074
2894,3.73,13212
2895,4.02,4208
2896,3.94,1551
2897,4.15,1855
2898,3.47,1326
2899,3.34,3071
2900,4.25,265
2901,4,1573
2902,3.84,853
2903,3.88,1614
2904,3.93,663
2905,3.81,2439
2906,3.6,1787
2907,3.51,1463
2908,4.42,942
2909,3.78,71532
2910,4,4238
2911,3.98,2281
2912,3.89,14144
2913,4.21,515
2914,2.96,94
2915,3.56,390
2916,4.18,115716
2917,4.57,72043
2918,3.88,49862
2919,4.34,12749
2920,4.02,11208
2921,3.94,35033
2922,3.94,55016
2923,3.97,12856
2924,3.69,32896
2925,4.04,16765
2926,3.96,51267
2927,4.35,49
2928,3.6,12990
2929,3.92,11293
2930,4.01,3401
2931,3.98,4087
2932,3.74,2881
2933,4.14,6421
2934,4.13,1277
2935,3.93,5866
2936,3.98,6369
2937,3.79,10725
2938,3.81,1905
2939,3.91,4184
2940,3.75,1481
2941,4.1,2786
2942,3.87,4249
2943,3.9,7900
2944,3.86,2668
2945,4.23,2852
2946,3.84,2770
2947,4.05,683
2948,3.71,19852
2949,4.26,1087
2950,3.91,3842
2951,3.85,2331
2952,3.92,1966
2953,4.15,726
2954,3.68,1365
2955,3.77,1596
2956,4.08,465
2957,3.83,195649
2958,3.79,111564
2959,3.77,91816
2960,4.03,8814
2961,3.68,97146
2962,3.84,20632
2963,3.73,30346
2964,4,19945
2965,3.69,22027
2966,3.79,41744
2967,3.7,25145
2968,3.9,28041
2969,3.75,31242
2970,3.7,37409
2971,3.51,50975
2972,3.68,27296
2973,3.73,12991
2974,3.99,15115
2975,3.85,39571
2976,3.57,17420
2977,3.58,40477
2978,3.74,17061
2979,3.79,12308
2980,4.04,13811
2981,3.84,19375
2982,3.5,12828
2983,3.48,34977
2984,3.43,27826
2985,3.94,16601
2986,3.94,16601
2987,3.86,8216
2988,3.6,23465
2989,3.74,20326
2990,3.86,7808
2991,3.54,16991
2992,3.82,21846
2993,4,19945
2994,3.18,23219
2995,3.76,13963
2996,3.58,16337
2997,3.61,2927
2998,3.73,11423
2999,3.13,58994
3000,3.45,21090
3001,3.53,5969
3002,3.49,21117
3003,3.61,22752
3004,3.37,17723
3005,3.92,9092
3006,3.76,6686
3007,3.75,10750
3008,3.52,9492
3009,3.88,11384
3010,3.6,13702
3011,3.5,2666
3012,3.5,2666
3013,3.47,9412
3014,3.64,7051
3015,3.55,4234
3016,3.74,9961
3017,3.39,7142
3018,3.62,6507
3019,3.38,3380
3020,3.03,16954
3021,3.72,13233
3022,3.57,3600
3023,3.68,3325
3024,3.68,3325
3025,3.43,4039
3026,3.51,3080
3027,4.29,1700
3028,3.81,7732
3029,3.4,10075
3030,4.48,28029
3031,3.72,2340
3032,3.55,3053
3033,3.48,2612
3034,3.68,3742
3035,3.61,15726
3036,3.33,2325
3037,3.56,1692
3038,3.84,3187
3039,4.27,814
3040,3.66,5324
3041,3.43,2929
3042,3.75,2616
3043,3.63,4963
3044,3.79,162685
3045,3.9,105023
3046,3.81,114016
3047,4.04,158769
3048,3.84,54302
3049,3.8,55909
3050,3.87,20871
3051,3.83,22847
3052,3.89,45562
3053,3.73,30218
3054,3.72,13964
3055,3.94,14568
3056,3.84,54302
3057,3.84,42592
3058,3.83,47467
3059,3.98,6180
3060,3.98,6180
3061,3.59,13837
3062,3.66,4406
3063,3.7,19674
3064,3.79,4018
3065,3.68,12419
3066,3.76,10671
3067,3.75,1909
3068,3.7,16396
3069,3.64,11707
3070,3.78,5340
3071,3.98,6316
3072,3.77,6404
3073,3.73,3303
3074,3.65,7938
3075,3.59,7325
3076,3.93,5472
3077,3.69,35523
3078,3.67,4489
3079,3.7,11189
3080,3.82,6354
3081,3.81,4621
3082,3.67,3802
3083,3.76,4228
3084,3.59,3818
3085,3.63,2695
3086,3.72,8012
3087,3.96,3265
3088,3.6,6450
3089,3.65,4357
3090,3.7,31906
3091,3.73,4135
3092,3.67,3247
3093,3.71,3861
3094,3.39,6675
3095,3.8,1860
3096,3.84,2820
3097,3.82,3862
3098,3.78,143499
3099,3.6,220632
3100,3.61,108677
3101,3.68,48259
3102,3.5,45659
3103,3.45,167596
3104,3.67,59923
3105,3.37,76707
3106,3.79,37
3107,3.67,55070
3108,3.45,167596
3109,3.57,53942
3110,3.59,74645
3111,3.69,17953
3112,3.36,28114
3113,3.52,11648
3114,3.57,29829
3115,3.46,26623
3116,3.48,37715
3117,3.52,36065
3118,3.44,28461
3119,3.47,31424
3120,3.58,29211
3121,3.46,40226
3122,3.53,50532
3123,3.74,8884
3124,3.4,2361
3125,3.51,41822
3126,3.49,31137
3127,3.6,9320
3128,3.74,6170
3129,3.35,12240
3130,3.62,26326
3131,3.97,6512
3132,3.55,10752
3133,3.65,44214
3134,3.47,23340
3135,3.38,5917
3136,3.47,17152
3137,3.51,14792
3138,3.37,738
3139,3.45,25166
3140,3.58,20389
3141,3.21,13089
3142,3.56,11781
3143,3.58,51187
3144,3.69,11192
3145,3.71,1968
3146,3.48,10485
3147,3.58,9933
3148,3.79,13143
3149,3.54,3387
3150,3.41,5341
3151,3.67,3281
3152,3.51,61833
3153,3.71,29539
3154,3.35,3363
3155,3.55,6692
3156,3.56,11402
3157,3.49,7805
3158,3.45,1890
3159,3.45,4388
3160,4.12,10194
3161,3.91,15086
3162,3.97,20079
3163,4.15,1986
3164,4.14,6798
3165,3.58,9240
3166,3.58,15242
3167,4.06,9637
3168,3.48,210
3169,4.24,4213
3170,4.1,7399
3171,3.81,5697
3172,3.69,11348
3173,3.75,12850
3174,3.75,12850
3175,4,19749
3176,3.71,1018
3177,3.55,4351
3178,4.06,9269
3179,3.99,20596
3180,3.37,5367
3181,3.58,3616
3182,3.82,6282
3183,3.61,6438
3184,3.86,6617
3185,3.8,5146
3186,3.76,1539
3187,3.55,7927
3188,3.78,4449
3189,3.97,1382
3190,3.96,6847
3191,3.83,1409
3192,3.83,1409
3193,3.91,292
3194,3.89,567
3195,4.09,3479
3196,3.87,3282
3197,3.99,20596
3198,4.03,2591
3199,3.55,15593
3200,3.67,5783
3201,3.76,1423
3202,3.57,3771
3203,3.72,1786
3204,3.83,1018
3205,3.94,1665
3206,4.12,829
3207,3.63,1194
3208,3.7,555
3209,3.94,210
3210,3.73,269
3211,3.87,25166
3212,3.74,33594
3213,3.67,20939
3214,4.15,3914
3215,4.18,9264
3216,4.19,3952
3217,4.07,2534
3218,3.43,4693
3219,3.88,1048
3220,4.03,6646
3221,3.92,3223
3222,3.9,11077
3223,3.69,4743
3224,3.78,9092
3225,4.01,9362
3226,3.69,3114
3227,3.91,56
3228,4.34,648
3229,3.91,4140
3230,3.89,218
3231,3.83,816
3232,4.02,861
3233,3.71,1332
3234,3.82,1082
3235,4.08,309
3236,3.74,457
3237,3.89,2211
3238,3.53,1639
3239,3.39,1913
3240,3.43,2741
3241,3.38,3003
3242,3.42,2113
3243,3.46,7380
3244,3.57,11284
3245,3.35,2004
3246,3.62,48255
3247,3.52,73141
3248,4.04,16710
3249,3.56,66294
3250,3.65,26233
3251,4.05,18766
3252,3.59,25147
3253,3.74,30478
3254,3.45,18181
3255,3.54,27339
3256,3.6,21410
3257,3.52,9611
3258,3.68,23308
3259,3.36,9105
3260,4.08,4933
3261,3.56,19585
3262,3.66,14005
3263,3.57,14418
3264,4.04,16710
3265,3.57,8189
3266,3.52,15496
3267,3.54,13325
3268,3.52,6232
3269,3.39,5209
3270,3.4,3871
3271,3.48,7718
3272,3.4,3469
3273,3.55,7636
3274,3.37,6195
3275,3.52,5769
3276,3.23,2366
3277,3.62,7262
3278,3.94,2400
3279,3.49,5846
3280,3.54,3875
3281,3.59,3926
3282,3.36,3453
3283,3.57,8679
3284,3.32,2245
3285,3.48,1237
3286,3.32,4834
3287,3.45,4269
3288,3.67,6662
3289,3.53,1257
3290,3.44,2906
3291,3.61,7748
3292,3.62,4001
3293,3.31,9583
3294,3.27,12193
3295,3.4,10887
3296,3.33,4301
3297,3.5,3467
3298,3.05,1824
3299,3.53,2811
3300,3.8,4038
3301,3.52,127840
3302,3.62,63674
3303,3.55,129445
3304,3.88,15061
3305,3.71,192
3306,3.39,21381
3307,3.43,58011
3308,3.11,16605
3309,3.53,33461
3310,3.06,84793
3311,3.44,15496
3312,3,30555
3313,3.69,25271
3314,3.73,39731
3315,3.54,12957
3316,3.92,6846
3317,3.54,14521
3318,3.72,18200
3319,3.71,19961
3320,3.72,12587
3321,3.39,8168
3322,3.38,7908
3323,3.26,2596
3324,3.49,9496
3325,3.4,8907
3326,3.3,15979
3327,3.72,2507
3328,3.8,11470
3329,3.6,7015
3330,2.99,1735
3331,3.47,7995
3332,3.3,234
3333,3.43,4866
3334,3.54,6900
3335,3.4,4077
3336,3.94,2132
3337,3.46,2228
3338,3.19,3075
3339,3.32,1802
3340,3.59,82388
3341,3.31,80031
3342,3.47,96776
3343,3.45,19821
3344,3.29,29148
3345,3.55,40365
3346,3.44,40321
3347,3.34,20101
3348,3.68,24199
3349,3.21,20763
3350,3.36,29052
3351,3.14,17204
3352,3.61,16428
3353,3.37,23726
3354,3.34,19803
3355,3.49,12997
3356,3.41,4740
3357,3.34,3398
3358,3.37,23726
3359,3.46,3461
3360,3.53,2586
3361,3.3,3945
3362,3.35,21142
3363,3.54,1438
3364,3.48,5857
3365,3.56,8328
3366,3.46,6957
3367,3.47,7728
3368,3.22,960
3369,3.33,423
3370,3.26,6358
3371,3.5,5543
3372,3.41,13241
3373,3.46,4106
3374,3.69,3737
3375,3.69,3737
3376,3.34,842
3377,3.82,1643
3378,3.56,1011
3379,3.37,898
3380,3.48,1099
3381,3.66,1752
3382,3.3,313
3383,3.58,572
3384,3.53,1159
3385,4.05,80602
3386,4.05,80602
3387,3.81,35383
3388,3.72,41353
3389,3.46,15091
3390,3.69,27491
3391,3.69,25107
3392,3.51,4602
3393,3.35,17728
3394,3.78,18113
3395,3.54,8354
3396,3.36,3587
3397,3.36,11448
3398,3.64,3919
3399,3.52,2585
3400,3.68,9050
3401,3.42,1826
3402,3.69,12328
3403,3.61,31285
3404,3.62,10856
3405,3.32,29641
3406,3.65,21208
3407,3.6,7561
3408,4.14,10214
3409,3.79,9360
3410,3.74,10566
3411,3.46,2983
3412,3.89,1369
3413,3.39,1710
3414,3.89,479
3415,3.79,817
3416,3.69,3285
3417,3.52,7942
3418,3.69,5705
3419,3.73,2904
3420,3.64,3606
3421,3.6,2610
3422,3.65,2796
3423,3.53,25714
3424,3.57,46553
3425,3.85,11301
3426,3.44,4528
3427,3.72,3513
3428,3.57,979
3429,3.48,2044
3430,3.77,1963
3431,3.82,28114
3432,3.62,29869
3433,3.56,19125
3434,3.36,7693
3435,3.64,4724
3436,3.62,4345
3437,4,5473
3438,3.6,1785
3439,3.67,2036
3440,3.59,4475
3441,3.51,2853
3442,3.5,85287
3443,3.51,61833
3444,3.43,57336
3445,3.52,25541
3446,3.39,73099
3447,3.6,12780
3448,3.83,10444
3449,3.47,13656
3450,3.53,3782
3451,3.49,4980
3452,3.69,21894
3453,3.56,9120
3454,3.46,7871
3455,3.58,1537
3456,3.53,3188
3457,3.64,910
3458,3.33,3885
3459,3.41,1930
3460,3.7,7268
3461,3.7,3885
3462,3.52,5238
3463,3.6,7189
3464,3.6,7757
3465,3.47,2355
3466,3.41,5786
3467,3.6,1551
3468,3.51,3622
3469,3.6,3730
3470,3.56,5614
3471,3.56,5037
3472,3.34,899
3473,3.29,1316
3474,3.65,21700
3475,3.52,42797
3476,3.46,18119
3477,3.66,11910
3478,3.65,6092
3479,4.04,20674
3480,3.76,6115
3481,3.61,14606
3482,3.8,11174
3483,3.92,5489
3484,3.71,2361
3485,3.61,3854
3486,3.97,5323
3487,3.51,2071
3488,3.52,64
3489,3.52,64
3490,3.6,1990
3491,3.49,761
3492,3.72,135884
3493,4.16,67830
3494,4.16,67830
3495,3.51,27199
3496,3.91,61000
3497,3.77,103241
3498,3.79,58500
3499,4.05,24026
3500,3.85,45135
3501,3.56,40390
3502,3.74,19927
3503,3.99,26011
3504,3.98,50628
3505,3.86,53856
3506,3.82,26982
3507,3.93,11233
3508,4.07,24073
3509,3.93,29854
3510,3.48,15592
3511,3.82,37665
3512,4.39,9983
3513,3.9,25136
3514,3.91,32457
3515,4.14,9231
3516,3.71,25233
3517,3.42,20861
3518,4.09,7992
3519,3.63,12304
3520,4.33,3437
3521,4.13,19353
3522,3.38,6118
3523,3.82,18289
3524,4.29,6194
3525,3.8,18444
3526,4.01,20348
3527,4.25,5433
3528,3.77,5875
3529,3.78,8864
3530,4.4,6084
3531,4.49,3084
3532,3.69,7545
3533,3.84,13175
3534,4.2,4981
3535,3.89,13395
3536,4.23,6595
3537,3.86,9846
3538,3.57,7502
3539,4.43,1935
3540,4.02,5912
3541,3.64,2042
3542,3.82,4105
3543,3.99,6059
3544,3.62,8361
3545,3.87,69680
3546,4.12,6692
3547,3.98,222530
3548,3.56,4468
3549,3.4,3048
3550,3.9,5229
3551,3.77,5298
3552,3.97,5779
3553,4.07,2356
3554,4.06,7925
3555,3.57,7370
3556,3.59,3913
3557,3.46,3745
3558,3.77,103241
3559,3.88,1846
3560,3.79,4729
3561,3.73,54515
3562,3.87,69680
3563,3.78,63554
3564,4.25,23601
3565,3.7,11565
3566,3.61,20693
3567,3.94,40210
3568,3.93,21764
3569,3.83,26995
3570,3.79,49800
3571,3.81,31414
3572,4.22,8956
3573,3.81,31414
3574,3.8,17117
3575,3.26,7844
3576,3.81,11568
3577,3.64,7209
3578,3.77,18666
3579,3.7,26238
3580,3.73,6057
3581,3.71,18923
3582,3.79,49800
3583,4.19,12951
3584,3.55,8448
3585,3.57,43111
3586,3.66,46645
3587,3.71,7470
3588,3.57,11500
3589,4,10070
3590,3.52,4594
3591,3.51,5530
3592,4.31,373
3593,3.62,5060
3594,3.45,2320
3595,3.9,5459
3596,4.07,6674
3597,4,2697
3598,3.67,2345
3599,3.85,2441
3600,3.64,3917
3601,4.03,1568
3602,3.73,4520
3603,3.65,2889
3604,3.69,4811
3605,3.93,7005
3606,3.66,24157
3607,3.49,43333
3608,3.85,11671
3609,3.52,21989
3610,3.62,14085
3611,4.19,3720
3612,3.73,5838
3613,3.55,2139
3614,4.16,4160
3615,3.71,1844
3616,3.72,291
3617,4.01,1133
3618,3.28,2688
3619,3.47,1622
3620,3.8,896
3621,4.12,115352
3622,3.85,86476
3623,4.52,16274
3624,3.95,99629
3625,3.99,60684
3626,4.07,36753
3627,4.15,47371
3628,3.8,32199
3629,3.99,44811
3630,4.27,19096
3631,4.2,16939
3632,3.83,95176
3633,3.96,20574
3634,4.27,24216
3635,4.3,7168
3636,4.27,13791
3637,3.98,31241
3638,3.87,29258
3639,3.64,29500
3640,4.14,18924
3641,4.13,15410
3642,3.72,17757
3643,3.95,41604
3644,3.84,17440
3645,4.06,8666
3646,4.23,3935
3647,4.02,18837
3648,4.56,3954
3649,3.92,20904
3650,4.32,3299
3651,3.89,5382
3652,3.97,8707
3653,3.82,3391
3654,3.81,15785
3655,4.51,51
3656,3.86,10002
3657,3.66,4374
3658,3.83,4241
3659,3.63,11175
3660,3.96,29492
3661,3.82,2726
3662,3.98,7014
3663,4.26,6622
3664,3.6,9263
3665,4.03,9159
3666,4.09,16362
3667,4.07,3006
3668,3.81,5631
3669,3.95,10894
3670,4.09,7537
3671,4.09,7537
3672,3.75,2763
3673,4.35,3747
3674,4.04,8780
3675,3.98,7099
3676,4,7776
3677,4,7676
3678,3.94,9580
3679,3.56,1169
3680,4.27,1598
3681,4.19,3446
3682,4.1,4543
3683,4.65,440
3684,4.1,7666
3685,3.56,25265
3686,3.97,6405
3687,4.23,4948
3688,3.9,34
3689,4.11,2692
3690,3.67,2280
3691,3.92,2857
3692,3.95,3986
3693,3.6,4343
3694,3.52,3060
3695,3.75,6981
3696,4.04,5741
3697,3.74,9449
3698,4.39,5725
3699,4.21,1721
3700,3.84,3895
3701,3.56,25265
3702,4.26,4204
3703,3.85,2271
3704,3.73,1143
3705,3.7,2670
3706,4.1,3790
3707,3.78,1445
3708,4.06,2755
3709,4.28,8672
3710,4.28,8672
3711,4.26,4185
3712,4.05,5198
3713,3.76,1632
3714,4.03,2028
3715,3.66,2380
3716,3.99,201
3717,4.39,2368
3718,3.99,1497
3719,4.08,3098
3720,4.16,1686
3721,4.25,1246
3722,3.9,3167
3723,4.23,6110
3724,3.67,2796
3725,4.01,5727
3726,3.89,2623
3727,3.94,5774
3728,3.71,3802
3729,3.83,93145
3730,3.6,63551
3731,3.65,54587
3732,3.55,44772
3733,3.64,53918
3734,3.37,21728
3735,3.5,21140
3736,3.37,13261
3737,3.63,26722
3738,3.6,14240
3739,3.94,18375
3740,3.66,22822
3741,3.84,27720
3742,3.51,14739
3743,3.56,25018
3744,3.45,7497
3745,3.5,8592
3746,4.01,9362
3747,3.8,9314
3748,3.33,10734
3749,3.5,4421
3750,3.69,7042
3751,3.62,35678
3752,3.74,16461
3753,3.74,8165
3754,3.68,639
3755,3.49,11426
3756,3.4,4522
3757,3.51,8235
3758,3.79,10690
3759,3.47,3719
3760,3.57,4345
3761,3.57,3410
3762,3.91,2853
3763,3.47,1103
3764,3.67,5061
3765,3.71,757
3766,3.3,1969
3767,3.57,3362
3768,3.61,3363
3769,3.46,638
3770,3.57,337
3771,3.35,4390
3772,3.56,1531
3773,3.71,221
3774,3.04,1414
3775,3.52,263
3776,3.71,275
3777,3.77,5141
3778,4.02,33
3779,3.55,353
3780,3.45,44632
3781,3.61,6447
3782,3.56,24834
3783,3.66,26509
3784,3.35,17220
3785,3.87,12202
3786,3.51,11858
3787,3.36,12303
3788,3.5,16939
3789,3.57,10720
3790,3.41,3159
3791,3.46,3934
3792,3.45,7056
3793,3.45,2703
3794,3.41,5478
3795,3.43,5638
3796,3.51,1839
3797,3.53,6377
3798,3.54,2689
3799,3.55,4553
3800,3.64,7864
3801,3.64,3828
3802,3.4,2222
3803,3.35,8627
3804,3.65,1724
3805,3.87,12065
3806,3.77,13951
3807,3.72,14117
3808,4,11391
3809,3.68,19902
3810,3.76,19808
3811,4.47,2919
3812,3.89,14648
3813,3.89,14648
3814,3.52,5821
3815,3.68,9682
3816,3.97,8108
3817,3.64,2819
3818,3.83,6862
3819,3.73,6623
3820,3.42,12520
3821,3.65,7660
3822,3.86,8721
3823,3.82,5083
3824,3.26,20608
3825,3.57,3344
3826,3.59,2513
3827,3.64,2681
3828,3.84,14304
3829,4.07,2247
3830,3.65,3220
3831,3.61,2042
3832,3.65,4075
3833,3.67,2460
3834,3.68,6475
3835,3.66,48668
3836,3.59,76850
3837,3.81,16975
3838,3.2,6833
3839,3.6,24498
3840,3.53,10089
3841,3.38,4278
3842,3.63,7506
3843,3.63,1344
3844,3.76,1272
3845,3.62,73882
3846,3.51,108785
3847,3.54,35402
3848,3.75,40046
3849,3.54,17679
3850,3.66,34541
3851,3.97,3331
3852,3.78,50468
3853,4.16,15664
3854,3.7,19310
3855,3.28,23527
3856,3.36,6851
3857,3.6,9054
3858,3.52,28073
3859,4.02,6785
3860,3.84,16359
3861,3.27,3738
3862,3.55,6100
3863,3.84,12143
3864,4,6659
3865,3.72,8928
3866,3.91,7240
3867,3.99,11710
3868,3.65,4908
3869,3.15,2154
3870,3.68,11287
3871,3.51,2712
3872,3.51,2712
3873,3.63,13413
3874,3.86,3943
3875,3.93,4321
3876,3.75,40046
3877,3.82,2378
3878,3.47,3702
3879,3.87,7094
3880,3.9,2296
3881,3.56,77480
3882,3.75,177269
3883,3.71,159276
3884,3.79,56123
3885,3.46,88182
3886,3.53,54862
3887,3.73,55498
3888,3.84,25133
3889,3.39,30427
3890,3.75,177269
3891,3.72,50026
3892,3.27,40404
3893,3.6,36539
3894,3.5,9996
3895,3.58,30049
3896,3.58,12649
3897,3.65,33885
3898,3.61,18285
3899,3.29,9256
3900,3.5,20045
3901,3.19,6838
3902,3.46,6272
3903,3.58,13778
3904,3.56,8502
3905,3.51,8731
3906,3.51,8731
3907,3.52,8379
3908,3.37,5676
3909,3.5,9208
3910,3.78,5104
3911,3.5,9451
3912,3.44,11260
3913,3.7,9613
3914,3.49,7923
3915,3.58,4820
3916,3.51,6484
3917,3.41,14301
3918,3.51,5320
3919,3.58,7462
3920,3.44,3268
3921,3.52,5192
3922,3.58,4237
3923,3.21,9010
3924,3.45,4127
3925,3.45,4384
3926,3.58,7606
3927,3.66,7744
3928,3.52,20404
3929,3.44,6665
3930,3.56,5406
3931,3.45,4557
3932,3.64,6416
3933,3.56,5761
3934,3.34,10804
3935,3.54,35653
3936,3.34,30456
3937,3.49,31814
3938,3.28,48135
3939,3.47,25285
3940,3.36,42442
3941,3.54,26289
3942,3.62,8919
3943,3.52,2919
3944,3.45,12697
3945,3.27,7931
3946,3.31,10079
3947,3.34,5242
3948,3.44,15046
3949,3.6,23289
3950,3.36,12990
3951,3.44,16320
3952,3.31,7695
3953,3.66,17341
3954,3.22,5137
3955,3.39,10148
3956,3.43,7073
3957,3.45,8269
3958,3.35,1791
3959,3.5,3025
3960,3.37,5598
3961,3.04,3504
3962,3.36,9949
3963,3.36,7178
3964,3.42,4346
3965,3.62,3853
3966,3.45,4746
3967,3.41,5261
3968,3.2,3366
3969,3.16,1482
3970,3.57,8259
3971,3.53,5822
3972,3.52,5984
3973,3.63,5768
3974,3.36,3378
3975,3.43,3223
3976,4.1,5074
3977,3.39,4003
3978,3.25,36402
3979,3.31,8330
3980,3.49,2192
3981,3.18,1988
3982,3.71,2129
3983,3.43,1665
3984,3.54,1268
3985,3.56,494
3986,3.37,865
3987,3.53,710
3988,3.9,2129
3989,3.6,4262
3990,3.53,1363
3991,3.44,1435
3992,3.68,364
3993,3.56,595
3994,3.4,1460
3995,3.69,489
3996,3.31,676
3997,3.57,211
3998,3.64,435
3999,3.99,19
4000,3.58,221
4001,3.54,595
4002,3.93,60733
4003,3.6,29
4004,3.71,1812
4005,3.89,5376
4006,3.47,5121
4007,3.77,1842
4008,3.61,1833
4009,3.67,2211
4010,3.61,1557
4011,3.57,4892
4012,3.68,4697
4013,3.77,2529
4014,3.34,937
4015,3.71,2875
4016,3.72,1608
4017,3.51,91516
4018,3.53,32332
4019,3.32,4757
4020,3.81,448633
4021,3.66,4812
4022,3.56,20758
4023,3.59,12390
4024,3.41,9620
4025,3.4,3048
4026,3.63,1227
4027,3.6,12117
4028,3.52,3029
4029,3.72,4832
4030,3.68,3038
4031,3.64,2214
4032,3.66,4615
4033,3.62,921
4034,3.36,40446
4035,3.64,43951
4036,3.59,36903
4037,3.32,27237
4038,3.63,6542
4039,3.58,7715
4040,3.47,17789
4041,3.5,8018
4042,3.51,4282
4043,3.5,6165
4044,3.41,3037
4045,3.93,6301
4046,3.54,6195
4047,3.45,5977
4048,3.58,5761
4049,3.41,1704
4050,3.57,2341
4051,3.66,3173
4052,3.82,6061
4053,3.55,4797
4054,3.43,4980
4055,3.31,3355
4056,3.77,1137
4057,3.9,1312
4058,3.77,338
4059,3.8,177734
4060,4.16,13467
4061,3.77,36877
4062,3.97,18380
4063,3.42,12420
4064,4.23,11872
4065,3.69,14495
4066,3.93,6786
4067,3.61,14537
4068,3.76,9647
4069,3.75,10467
4070,3.68,6464
4071,4.11,5475
4072,3.9,1695
4073,3.78,15030
4074,4,8523
4075,3.19,3717
4076,3.48,4714
4077,3.71,11219
4078,3.92,4557
4079,3.8,6546
4080,3.92,4557
4081,3.79,9021
4082,3.74,7393
4083,3.37,2486
4084,3.47,1625
4085,3.88,1767
4086,3.7,19126
4087,3.88,4299
4088,3.7,3974
4089,4.13,2890
4090,3.8,4640
4091,3.62,718
4092,3.83,2815
4093,3.51,1756
4094,3.61,81102
4095,3.72,71883
4096,3.39,26077
4097,3.49,18894
4098,3.69,20811
4099,3.31,8713
4100,3.48,8932
4101,3.79,16130
4102,3.58,3145
4103,3.54,5190
4104,3.44,1386
4105,3.59,6082
4106,4.08,3878
4107,3.34,589
4108,3.53,3685
4109,3.37,4433
4110,3.34,2499
4111,3.78,2644
4112,3.51,1832
4113,3.49,6823
4114,3.72,23600
4115,3.72,23600
4116,3.32,5099
4117,3.51,3750
4118,3.36,654
4119,3.57,2034
4120,2.78,250395
4121,2.77,103048
4122,3.09,193677
4123,3.04,160973
4124,2.88,82170
4125,2.79,112119
4126,3.07,49701
4127,2.52,263280
4128,3.14,10111
4129,3.12,6105
4130,3.09,36776
4131,3.36,24307
4132,3.32,11208
4133,2.72,5093
4134,3.25,5400
4135,3.46,31589
4136,2.62,7214
4137,2.55,6487
4138,2.67,5436
4139,2.63,3810
4140,3.49,5703
4141,3.5,191959
4142,3.52,108410
4143,3.04,57441
4144,2.61,34408
4145,3.6,29507
4146,3.45,30661
4147,3.47,16202
4148,3.19,23888
4149,3.72,21480
4150,3.6,5765
4151,3.32,9539
4152,3.43,20135
4153,3.44,5899
4154,3.56,2917
4155,3.15,4367
4156,3.32,6931
4157,3.57,7561
4158,3.4,4796
4159,3.78,9944
4160,3.3,5572
4161,3.05,233
4162,3.44,11317
4163,3.9,18573
4164,3.84,13025
4165,3.67,40807
4166,3.72,8335
4167,3.63,4489
4168,3.79,16250
4169,3.59,4658
4170,3.6,5018
4171,3.51,5649
4172,3.53,2901
4173,3.91,7721
4174,3.72,6839
4175,3.88,6703
4176,3.62,5875
4177,3.85,12531
4178,3.85,12531
4179,3.62,5253
4180,3.6,2172
4181,3.83,4046
4182,3.62,5875
4183,3.79,4522
4184,3.73,1525
4185,3.65,5611
4186,3.61,605
4187,3.71,4529
4188,3.41,2933
4189,3.59,7635
4190,3.4,4815
4191,3.58,3274
4192,3.58,3274
4193,2.53,19252
4194,3.02,9523
4195,2.26,10493
4196,3.84,49301
4197,3.46,35731
4198,3.45,37093
4199,3.36,37239
4200,3.51,165175
4201,3.21,110746
4202,2.67,7803
4203,3.57,27393
4204,3.33,45111
4205,3.15,14211
4206,3.46,9897
4207,3.33,16673
4208,3.52,27637
4209,3.6,18772
4210,3.66,33094
4211,3.11,7404
4212,3.14,25186
4213,3.99,13675
4214,3.68,12207
4215,3.48,10071
4216,3.23,12044
4217,3.28,12992
4218,3.2,27535
4219,3.18,9143
4220,3.5,17982
4221,3.41,17535
4222,3.73,13470
4223,3.75,7693
4224,3.19,2570
4225,3.42,29293
4226,3.15,14211
4227,3.44,18884
4228,3.4,23328
4229,3.51,15870
4230,3.4,11332
4231,3.53,11169
4232,3.3,3746
4233,3.57,8691
4234,3.64,2889
4235,3.49,7423
4236,3.31,5661
4237,2.9,1171
4238,3.32,11330
4239,3.27,3947
4240,3.51,10499
4241,3.69,13671
4242,3.59,2396
4243,3.43,5949
4244,3.54,4041
4245,3.24,1742
4246,3.46,31589
4247,3.59,16593
4248,3.25,8347
4249,3.48,2250
4250,3.37,2879
4251,3.4,10110
4252,3.38,927
4253,3.49,4128
4254,3.48,7351
4255,3.5,2763
4256,3.57,3978
4257,3.35,1421
4258,3.29,1298
4259,3.22,568
4260,3.46,3218
4261,3.5,1480
4262,3.29,1735
4263,3.54,2372
4264,3.48,1572
4265,3.44,2036
4266,3.37,2849
4267,2.34,275258
4268,2.4,261295
4269,2.36,101794
4270,3.02,17034
4271,2.25,299379
4272,2.54,18374
4273,3.15,14211
4274,3.26,7392
4275,3.23,10067
4276,2.6,5503
4277,2.95,2350
4278,3.2,3010
4279,2.34,1959
4280,2.82,20460
4281,2.67,5378
4282,2.67,3997
4283,2.71,304
4284,3.36,155458
4285,3.35,41159
4286,3.43,120610
4287,3.49,84478
4288,3.52,49524
4289,3.29,71649
4290,3.28,68326
4291,3.36,11228
4292,3.37,19461
4293,3.45,25284
4294,3.35,11852
4295,3.52,18942
4296,3.55,5787
4297,3.47,9765
4298,3.28,2924
4299,3.54,15692
4300,3.5,14375
4301,3.44,10259
4302,3.5,6126
4303,3.57,8128
4304,3.44,7417
4305,3.31,3764
4306,3.38,6762
4307,3.41,6846
4308,3.44,5029
4309,3.5,6189
4310,3.44,5292
4311,3.19,2479
4312,3.34,7568
4313,3.42,8709
4314,3.07,2458
4315,3.14,3226
4316,3.1,12133
4317,3.65,5945
4318,3.41,3519
4319,3.43,3616
4320,3.33,3012
4321,3.49,1951
4322,3.44,5913
4323,3.47,2978
4324,3.13,3565
4325,3.33,5276
4326,3.32,2651
4327,3.49,4453
4328,3.15,1320
4329,3.28,38617
4330,3.33,24415
4331,3.2,281
4332,3.39,4945
4333,3.38,4271
4334,3.31,1702
4335,3.52,1645
4336,3.62,4790
4337,3.84,2444
4338,3.29,2634
4339,3.67,6108
4340,3.03,96067
4341,2.96,62091
4342,3.36,12245
4343,3.53,14415
4344,3.29,70576
4345,3.4,19048
4346,3.32,7277
4347,3.3,6794
4348,3.4,4343
4349,3.25,1653
4350,3.07,17206
4351,3.02,4441
4352,3.01,3641
4353,3.47,155462
4354,3.57,52113
4355,3.04,49642
4356,3.59,11336
4357,3.48,4304
4358,3.55,25934
4359,3.45,21934
4360,3.53,2816
4361,3.44,6313
4362,3.61,8227
4363,3.27,2523
4364,3.75,1830
4365,3.72,5807
4366,3.84,32650
4367,3.4,38220
4368,3.6,1916
4369,3.72,4433
4370,3.45,35872
4371,3.5,5257
4372,3.5,5234
4373,3.69,1402
4374,3.23,5229
4375,3.68,2887
4376,3.55,16452
4377,3.52,9995
4378,3.62,4491
4379,3.71,7216
4380,3.65,1538
4381,3.58,1869
4382,4,1840
4383,3.79,3133
4384,3.71,3150
4385,3.71,1586
4386,3.51,3379
4387,3.55,21558
4388,3.4,12954
4389,3.75,862
4390,3.43,7834
4391,3.22,12170
4392,3.07,14002
4393,3.56,6001
4394,3.23,3703
4395,3.07,14002
4396,3.42,1759
4397,3.51,811
4398,3.35,1706
4399,3.38,1778
4400,3.34,2978
4401,3.68,639
4402,3.71,1812
4403,3.71,1813
4404,3.7,1254
4405,3.81,267
4406,3.67,5993
4407,3.7,1674
4408,3.86,2239
4409,3.78,1930
4410,2.94,89639
4411,3.24,118461
4412,3.52,68481
4413,3.21,92902
4414,3.47,64395
4415,3.42,45027
4416,2.99,130614
4417,3.42,93439
4418,3.29,37544
4419,3.22,52912
4420,3.33,23366
4421,3.3,15364
4422,3.34,19021
4423,3.19,32788
4424,3.34,28984
4425,3.56,13408
4426,3.49,7549
4427,3.31,15880
4428,3.44,60181
4429,3.51,16733
4430,3.69,27143
4431,3.32,31799
4432,3.43,27930
4433,3.11,15100
4434,3.34,10765
4435,3.53,7594
4436,3.56,15174
4437,3.28,5557
4438,3.39,8345
4439,3.31,14886
4440,3.09,6917
4441,3.11,6849
4442,3.37,4351
4443,3.32,24335
4444,3.32,24335
4445,3.44,10609
4446,3.37,1973
4447,3.27,5965
4448,3.4,3742
4449,3.48,8699
4450,3.6,10360
4451,3.52,6134
4452,3.61,6324
4453,3.2,18096
4454,3.49,5280
4455,3.29,18492
4456,3.37,2962
4457,3.03,1430
4458,3.54,3537
4459,3.48,5606
4460,3.48,10100
4461,3.61,6581
4462,3.35,5824
4463,3.42,9635
4464,3.21,3569
4465,3.5,3594
4466,3.36,7078
4467,3.52,6178
4468,3.33,2218
4469,3.36,11180
4470,3.38,2186
4471,3.56,5505
4472,3.46,1467
4473,3.51,5201
4474,3.73,16186
4475,3.62,20468
4476,3.6,14987
4477,3.58,13454
4478,3.45,12842
4479,3.68,422
4480,3.57,4082
4481,3.65,2785
4482,3.35,5293
4483,3.53,4899
4484,3.43,4001
4485,3.46,2492
4486,3.54,60388
4487,3.41,28697
4488,3.62,35678
4489,3.22,5699
4490,3.46,9582
4491,3.42,5223
4492,3.35,10027
4493,3.66,4057
4494,3.52,2217
4495,3.58,4278
4496,3.72,10931
4497,3.35,2456
4498,3.68,4058
4499,3.59,4213
4500,3.48,3304
4501,3.47,3671
4502,3.24,2157
4503,3.64,1619
4504,3.82,47168
4505,3.64,89097
4506,3.66,56180
4507,3.46,51178
4508,3.5,45992
4509,3.36,83299
4510,3.6,36292
4511,3.58,46744
4512,3.57,24906
4513,3.54,53563
4514,3.54,27644
4515,3.74,8912
4516,3.59,15006
4517,3.58,27821
4518,3.64,38487
4519,3.68,16456
4520,3.69,19968
4521,3.63,10953
4522,3.43,13849
4523,3.49,14114
4524,3.6,5162
4525,3.56,12956
4526,3.6,12912
4527,3.62,22554
4528,3.49,6991
4529,3.5,14446
4530,3.62,11220
4531,3.39,6241
4532,3.4,590
4533,3.35,7495
4534,3.67,11180
4535,3.51,3700
4536,3.39,7155
4537,3.63,9553
4538,3.53,9104
4539,3.66,3665
4540,3.67,6939
4541,3.3,4777
4542,3.59,3677
4543,3.51,3842
4544,3.58,3402
4545,3.57,6170
4546,3.59,2557
4547,3.39,3386
4548,3.53,6166
4549,3.34,1543
4550,3.54,2215
4551,3.73,4020
4552,3.57,1379
4553,3.32,3796
4554,3.54,6593
4555,3.65,2841
4556,3.51,2734
4557,3.57,4453
4558,3.6,1775
4559,3.73,15141
4560,3.57,10086
4561,3.62,17136
4562,3.7,12473
4563,3.63,6570
4564,3.48,13526
4565,3.58,5182
4566,3.53,3560
4567,3.31,1048
4568,3.54,7656
4569,3.3,7694
4570,3.65,4378
4571,3.24,458
4572,3.37,55825
4573,3.57,8692
4574,3.46,30986
4575,3.48,27813
4576,3.32,6043
4577,3.64,22764
4578,3.4,15626
4579,3.46,49999
4580,3.52,8018
4581,3.22,25241
4582,3.33,1831
4583,3.45,19806
4584,3.45,13541
4585,3.39,11136
4586,3.33,31209
4587,3.45,4816
4588,3.58,7189
4589,3.81,17165
4590,3.62,11188
4591,3.58,4525
4592,3.73,24571
4593,3.48,5160
4594,3.55,1419
4595,3.53,2007
4596,3.6,2466
4597,3.64,3039
4598,3.74,1019
4599,3.25,3586
4600,3.57,2020
4601,3.68,1402
4602,3.42,914
4603,3.47,291
4604,3.58,857
4605,3.42,40481
4606,3.55,51649
4607,3.59,15739
4608,3.53,21599
4609,3.46,43772
4610,3.46,43772
4611,3.75,9011
4612,3.79,1953
4613,3.73,7750
4614,3.46,8931
4615,3.67,14073
4616,3.67,7767
4617,3.53,5703
4618,3.84,2232
4619,3.43,18134
4620,3.78,6353
4621,3.55,3833
4622,3.59,5106
4623,3.86,1819
4624,3.6,8212
4625,3.65,4714
4626,3.76,14176
4627,3.63,3689
4628,3.66,5637
4629,3.5,1996
4630,3.6,3395
4631,3.27,162957
4632,3.58,70629
4633,3.48,27010
4634,3.08,4842
4635,3.46,34650
4636,3.46,5770
4637,3.58,7007
4638,3.46,7575
4639,3.52,6995
4640,3.48,10410
4641,3.57,2272
4642,3.19,3347
4643,3.3,7694
4644,3.34,15512
4645,3.52,9626
4646,3.56,6765
4647,3.33,5662
4648,3.47,5404
4649,3.28,2429
4650,3.27,1545
4651,3.57,3367
4652,3.42,3946
4653,3.51,1908
4654,3.16,316
4655,3.46,1318
4656,3.48,151
4657,3.66,150
4658,3.34,242
4659,3.3,69
4660,3.39,71586
4661,3.5,202792
4662,3.4,137114
4663,3.59,121586
4664,3.55,32943
4665,3.69,38051
4666,3.48,81250
4667,3.24,30829
4668,3.37,59396
4669,3.52,51359
4670,3.67,42751
4671,3.5,27815
4672,3.6,45696
4673,3.82,62626
4674,3.44,9210
4675,3.6,62525
4676,3.13,29268
4677,3.45,26186
4678,3.3,53701
4679,3.12,21404
4680,3.49,38496
4681,3.28,46827
4682,3.26,9944
4683,3.54,20184
4684,3.44,28132
4685,3.48,69728
4686,3.67,42010
4687,3.58,40036
4688,3.79,1060
4689,3.62,12970
4690,3.51,13233
4691,3.28,65826
4692,3.4,43567
4693,3.5,14461
4694,3.53,16086
4695,3.54,17694
4696,3.53,79501
4697,3.71,10376
4698,3.44,63870
4699,3.9,15759
4700,3.79,11573
4701,2.25,299379
4702,3.73,14723
4703,3.43,63581
4704,2.91,14263
4705,3.51,25129
4706,3.56,24544
4707,3.29,17715
4708,3.19,7714
4709,2.34,275258
4710,3.14,5471
4711,3.48,8543
4712,3.85,17497
4713,3.78,12003
4714,2.65,6001
4715,3.54,8344
4716,3.46,194
4717,3.45,4336
4718,3.54,6409
4719,3.58,5543
4720,3.69,6012
4721,3.45,13340
4722,3.86,10463
4723,3.64,2685
4724,3.44,11717
4725,3.36,5181
4726,3.38,5819
4727,3.47,8130
4728,3.26,8179
4729,3.42,12697
4730,3.33,9435
4731,3.34,7016
4732,3.52,15048
4733,3.28,65826
4734,3.51,6907
4735,3.73,13931
4736,3.73,13931
4737,3.47,4743
4738,3.67,42010
4739,3.46,2567
4740,3.38,15100
4741,3.35,6699
4742,3.22,7121
4743,3.73,18341
4744,3.59,53919
4745,3.69,20731
4746,3.5,20798
4747,3.51,64228
4748,3.65,24668
4749,3.65,24668
4750,3.46,43486
4751,3.44,76451
4752,3.52,25548
4753,3.31,17979
4754,3.5,14789
4755,3.03,19159
4756,3.54,14450
4757,3.16,8444
4758,3.25,40961
4759,3.75,22670
4760,3.41,5328
4761,3.11,7488
4762,3.29,45652
4763,3.36,20729
4764,3.43,7742
4765,3.78,9196
4766,3.78,9196
4767,3.72,10915
4768,3.12,26468
4769,3.93,501
4770,3.2,6142
4771,3.57,2439
4772,3.99,3953
4773,3.8,3425
4774,3.5,7002
4775,3.64,4289
4776,3.38,5179
4777,3.9,6979
4778,3.94,9943
4779,3.57,5902
4780,2.86,3758
4781,3.33,8112
4782,3.56,4670
4783,3.54,1760
4784,3.74,10561
4785,3.74,10561
4786,3.51,3040
4787,3.09,991
4788,3.08,1627
4789,3.62,2743
4790,3.35,2465
4791,3.55,3728
4792,3.65,20102
4793,3.74,16578
4794,3.69,52802
4795,2.99,23697
4796,3.54,5680
4797,3.56,7064
4798,3.77,14809
4799,3.57,3855
4800,3.37,603
4801,3.68,999
4802,3.79,1672
4803,3.68,3289
4804,3.43,4948
